{
  "soc_power_law": {
    "flare_power_law": {
      "n_total": 3209,
      "n_above_xmin": 2888,
      "x_min": 4.980000000000001e-06,
      "alpha": 1.7328159930083271,
      "alpha_se": 0.013636293632056361,
      "reference_alpha": 1.8
    },
    "avalanche_power_law": {
      "n_total": 13802,
      "n_above_xmin": 12421,
      "x_min": 1296.1000000000001,
      "alpha": 1.5583761957771007,
      "alpha_se": 0.005010125613956194
    },
    "exponent_comparison": {
      "delta_alpha": 0.17443979723122638,
      "z_stat": 12.007512190176545,
      "p_value": 0.0,
      "compatible": "False"
    },
    "avalanche_soc_active_30d": {
      "alpha": 1.5534577872209918,
      "alpha_se": 0.006533005582341863,
      "n": 7177
    },
    "avalanche_soc_quiet": {
      "alpha": 1.5536415198513445,
      "alpha_se": 0.011167030772899076,
      "n": 2458
    }
  },
  "ssw_coupling": {
    "aai_all_natural_ssw_0_15d": {
      "rate_ratio": 1.1536388543818328,
      "rr_ci_lower": 0.9594872926219847,
      "rr_ci_upper": 1.3870768446578727,
      "p_value": 0.1284854306289135,
      "n_obs": 2702,
      "beta": 0.14292116796422077,
      "exposed_days": 240
    },
    "aai_all_natural_ssw_15_30d": {
      "rate_ratio": 0.6387427592269069,
      "rr_ci_lower": 0.5255169178647124,
      "rr_ci_upper": 0.7763638021827393,
      "p_value": 6.710132210004842e-06,
      "n_obs": 2702,
      "beta": -0.4482534733767607,
      "exposed_days": 240
    },
    "aai_all_natural_ssw_30_60d": {
      "rate_ratio": 1.2272139209967545,
      "rr_ci_lower": 1.0504430398328302,
      "rr_ci_upper": 1.4337321975381982,
      "p_value": 0.009876940702890358,
      "n_obs": 2702,
      "beta": 0.20474649527312763,
      "exposed_days": 351
    },
    "aai_all_natural_ssw_0_60d": {
      "rate_ratio": 1.0734867030861959,
      "rr_ci_lower": 0.9456923858794101,
      "rr_ci_upper": 1.218550258952614,
      "p_value": 0.2728475343643497,
      "n_obs": 2702,
      "beta": 0.07091195175434574,
      "exposed_days": 789
    },
    "natural_size_234_ssw_0_15d": {
      "rate_ratio": 0.7803769274756875,
      "rr_ci_lower": 0.6535350205136041,
      "rr_ci_upper": 0.93183705512491,
      "p_value": 0.006143424923948404,
      "n_obs": 2702,
      "beta": -0.24797823566807164,
      "exposed_days": 240
    },
    "natural_size_234_ssw_15_30d": {
      "rate_ratio": 0.7003290364633216,
      "rr_ci_lower": 0.5886305053265825,
      "rr_ci_upper": 0.833223482091755,
      "p_value": 5.8672723618114766e-05,
      "n_obs": 2702,
      "beta": -0.35620500228814994,
      "exposed_days": 240
    },
    "natural_size_234_ssw_30_60d": {
      "rate_ratio": 1.2170063873992143,
      "rr_ci_lower": 1.053578150070218,
      "rr_ci_upper": 1.405785177750483,
      "p_value": 0.007599841682423811,
      "n_obs": 2702,
      "beta": 0.19639406247083982,
      "exposed_days": 351
    },
    "natural_size_234_ssw_0_60d": {
      "rate_ratio": 0.9206530644090275,
      "rr_ci_lower": 0.8200854627723808,
      "rr_ci_upper": 1.0335533349662478,
      "p_value": 0.1612815937353197,
      "n_obs": 2702,
      "beta": -0.08267200814674701,
      "exposed_days": 789
    },
    "sea_pre": {
      "mean": 1.3670222222222221,
      "se": 0.8347698051687059,
      "n": 15
    },
    "sea_d0-7": {
      "mean": 0.8275833333333333,
      "se": 0.3760951871731608,
      "n": 15
    },
    "sea_d8-21": {
      "mean": 1.4501428571428572,
      "se": 0.6877130795750462,
      "n": 15
    },
    "sea_d22-45": {
      "mean": 0.9938302987861811,
      "se": 0.33358363256727697,
      "n": 15
    },
    "sea_d46-60": {
      "mean": 2.4179999999999997,
      "se": 0.9195248743184483,
      "n": 11
    }
  },
  "forbush_mechanism": {
    "bz_south_fast": {
      "rate_ratio": 0.5785635962266659,
      "rr_ci_lower": 0.4845833232444036,
      "rr_ci_upper": 0.690770438894996,
      "p_value": 1.443991282274318e-09,
      "n_obs": 2702,
      "beta": -0.5472068054145064
    },
    "bz_south_fast_wet": {
      "rate_ratio": 0.5092552655559026,
      "rr_ci_lower": 0.36587954448418114,
      "rr_ci_upper": 0.7088150442026845,
      "p_value": 6.333089808980251e-05,
      "n_obs": 2702,
      "beta": -0.6748058841036355
    },
    "dose_Kp>=5": {
      "rate_ratio": 1.6697686667266955,
      "rr_ci_lower": 1.4559408232652125,
      "rr_ci_upper": 1.9150004971557586,
      "p_value": 2.252668868493384e-13,
      "n_obs": 2702,
      "beta": 0.5126850939153318
    },
    "dose_Kp>=6": {
      "rate_ratio": 0.9033267515586858,
      "rr_ci_lower": 0.698348810140195,
      "rr_ci_upper": 1.1684694070256296,
      "p_value": 0.4387690921150109,
      "n_obs": 2702,
      "beta": -0.10167093990043968
    },
    "dose_Kp>=7": {
      "rate_ratio": 0.8752813413006811,
      "rr_ci_lower": 0.5220361989939911,
      "rr_ci_upper": 1.4675561348149688,
      "p_value": 0.6134251551364936,
      "n_obs": 2702,
      "beta": -0.13320991139008845
    },
    "dose_Dst<=-50": {
      "rate_ratio": 1.0324649567637534,
      "rr_ci_lower": 0.8867355344901151,
      "rr_ci_upper": 1.2021440953735258,
      "p_value": 0.6806758693797682,
      "n_obs": 2702,
      "beta": 0.03194910509668575
    },
    "dose_Dst<=-100": {
      "rate_ratio": 2.1055211758518073,
      "rr_ci_lower": 1.5143846761780706,
      "rr_ci_upper": 2.9274064190537885,
      "p_value": 9.504085196161426e-06,
      "n_obs": 2702,
      "beta": 0.7445630259674213
    }
  },
  "lag_sweep": {
    "lag_0d": {
      "rate_ratio": 0.6596823059995546,
      "rr_ci_lower": 0.489810487887506,
      "rr_ci_upper": 0.8884675922840534,
      "p_value": 0.006173371179781687,
      "n_obs": 2702,
      "beta": -0.41599691439608527
    },
    "lag_1d": {
      "rate_ratio": 0.41578758539810706,
      "rr_ci_lower": 0.29637648086347634,
      "rr_ci_upper": 0.5833098350702929,
      "p_value": 3.761266974785367e-07,
      "n_obs": 2702,
      "beta": -0.8775807611513676
    },
    "lag_2d": {
      "rate_ratio": 1.3507228078512332,
      "rr_ci_lower": 1.044784742713958,
      "rr_ci_upper": 1.7462468861387457,
      "p_value": 0.02177314743257031,
      "n_obs": 2702,
      "beta": 0.3006398623909554
    },
    "lag_3d": {
      "rate_ratio": 1.0757997052655381,
      "rr_ci_lower": 0.8221673329299836,
      "rr_ci_upper": 1.407675736428194,
      "p_value": 0.5943099148606313,
      "n_obs": 2702,
      "beta": 0.07306429688925818
    },
    "lag_4d": {
      "rate_ratio": 2.352464737114099,
      "rr_ci_lower": 1.8526963371016707,
      "rr_ci_upper": 2.9870466241773603,
      "p_value": 2.208690792785755e-12,
      "n_obs": 2702,
      "beta": 0.8554636028280073
    },
    "lag_5d": {
      "rate_ratio": 0.57912100833624,
      "rr_ci_lower": 0.42345714527759254,
      "rr_ci_upper": 0.7920072811063987,
      "p_value": 0.0006265350374414574,
      "n_obs": 2702,
      "beta": -0.5462438278462596
    },
    "lag_6d": {
      "rate_ratio": 0.9658941946285364,
      "rr_ci_lower": 0.7298666817583064,
      "rr_ci_upper": 1.2782493276300202,
      "p_value": 0.8082102306773147,
      "n_obs": 2702,
      "beta": -0.03470098013844365
    },
    "lag_7d": {
      "rate_ratio": 0.43579626597055193,
      "rr_ci_lower": 0.30931896062773995,
      "rr_ci_upper": 0.6139888258012076,
      "p_value": 2.0459714780265507e-06,
      "n_obs": 2702,
      "beta": -0.8305804247264251
    },
    "lag_8d": {
      "rate_ratio": 2.2528669527139233,
      "rr_ci_lower": 1.7607307925115028,
      "rr_ci_upper": 2.882558496856277,
      "p_value": 1.0565173680699795e-10,
      "n_obs": 2702,
      "beta": 0.8122036063170945
    },
    "lag_9d": {
      "rate_ratio": 3.35486341205649,
      "rr_ci_lower": 2.6523709154051835,
      "rr_ci_upper": 4.243414240513927,
      "p_value": 5.6958211745886685e-24,
      "n_obs": 2702,
      "beta": 1.2104110578382643
    },
    "lag_10d": {
      "rate_ratio": 0.619679147981517,
      "rr_ci_lower": 0.4542072002708624,
      "rr_ci_upper": 0.8454340798959209,