{
  "sham_events": {
    "test": "sham_events",
    "pathway": "fast_1_3d",
    "real_rate_ratio": 0.8964289381766501,
    "sham_mean_rr": 0.8222967742758501,
    "sham_median_rr": 0.8168899577117787,
    "sham_5th_pct": 0.5133232141916225,
    "sham_95th_pct": 1.1496127474741398,
    "pct_shams_more_extreme_two_sided": 70.0,
    "pct_shams_below_real": 63.800000000000004,
    "passed": "False",
    "n_shams": 500
  },
  "summer_null": {
    "test": "summer_null",
    "rate_ratio": 0.8998634702416183,
    "p_value": 0.6084972109911803,
    "n_obs": 3712,
    "passed": true,
    "note": "PASS = no significant signal in summer"
  },
  "control_region": {
    "test": "negative_control_region",
    "region": "Norway",
    "outcome": "danger_max",
    "rate_ratio": 0.8456887761858577,
    "p_value": 0.007082236546441093,
    "n_obs": 2702,
    "passed": true,
    "note": "Informational: signal presence suggests teleconnection; absence supports Swiss-specific mechanism"
  },
  "control_outcome": {
    "test": "negative_control_outcome",
    "outcome": "accident_count",
    "rate_ratio": 0.9357502384385533,
    "p_value": 0.27992348562333225,
    "n_obs": 2702,
    "passed": true,
    "note": "Natural activity should show stronger signal than human-exposure-biased accidents"
  },
  "lowo_cv": {
    "test": "leave_one_winter_out",
    "rr_by_excluded_winter": {
      "1998/1999": 0.8438381475666251,
      "1999/2000": 0.8054943659135683,
      "2000/2001": 0.819475549277227,
      "2001/2002": 0.7982016112498453,
      "2002/2003": 0.8031843560320768,
      "2003/2004": 0.8237071566204663,
      "2004/2005": 0.759024869484191,
      "2005/2006": 0.8556587410896338,
      "2006/2007": 0.786524402396402,
      "2007/2008": 0.7728187651322678,
      "2008/2009": 0.7473117660538438,
      "2009/2010": 0.8066492704917454,
      "2010/2011": 0.7932190406709078,
      "2011/2012": 0.7665510327142335,
      "2012/2013": 0.7582002324993533,
      "2013/2014": 0.7484767971131857,
      "2014/2015": 0.7887077961299697,
      "2015/2016": 0.7492889450459386,
      "2016/2017": 0.7900866187180788,
      "2017/2018": 0.8982374086016578,
      "2018/2019": 0.7689285300492709
    },
    "mean_rr": 0.7944564477547851,
    "std_rr": 0.037644295651992406,
    "cv_rr": 0.0473837121699736,
    "n_folds": 21,
    "passed": true,
    "note": "CV < 0.5 indicates stable estimate not driven by single winter"
  }
}