{
  "snotel_swe_mean": {
    "label": "SWE (snow water equivalent)",
    "n_events": 15,
    "mean_pre": 272.144609679979,
    "mean_post": 319.64787523365806,
    "mean_change": 47.50326555367906,
    "n_positive": 15,
    "paired_t_p": 2.449020745516209e-07,
    "event_changes": [
      30.995987421383575,
      73.10685495749749,
      51.253273131416705,
      29.850888590435943,
      32.87656309680506,
      20.580069295101566,
      76.23728155765869,
      75.30329226276422,
      79.51033192317755,
      52.338393333333215,
      32.58083474049732,
      33.019445355891264,
      46.07970812375129,
      31.027151530635734,
      47.7889079848363
    ]
  },
  "snotel_prec_mean": {
    "label": "Precipitation",
    "n_events": 15,
    "mean_pre": 385.44549827408645,
    "mean_post": 434.53545320820575,
    "mean_change": 49.089954934119305,
    "n_positive": 15,
    "paired_t_p": 1.1507486575557883e-08,
    "event_changes": [
      45.72503333873124,
      76.54743778382954,
      38.444529531568264,
      40.03774348365965,
      38.363220994599715,
      41.696470421476874,
      66.95127637540452,
      80.01117462666804,
      69.40301798658015,
      38.900871559598954,
      34.10119320956852,
      33.497292486192634,
      51.90233365809627,
      34.03109598876546,
      46.73663256704981
    ]
  },
  "snotel_temp_mean": {
    "label": "Temperature",
    "n_events": 15,
    "mean_pre": -5.241800727701871,
    "mean_post": -5.321547073368091,
    "mean_change": -0.07974634566622045,
    "n_positive": 7,
    "paired_t_p": 0.885446983822001,
    "event_changes": [
      -3.8264303819238057,
      -0.008930538410511168,
      1.6462632602973377,
      3.135925944161253,
      -0.6429999433156466,
      1.6842751113639398,
      2.7875636151351664,
      -0.6636941571646648,
      -1.275444448424477,
      0.7457349460430378,
      -3.0786888532280035,
      -0.05914725598825399,
      -3.2433817283704935,
      0.902858186799941,
      0.6999010580318732
    ]
  },
  "swe_rate": {
    "label": "SWE accumulation rate (dSWE/dt)",
    "n_events": 15,
    "mean_pre_rate": 3.347844441454214,
    "mean_post_rate": 3.0281236962227833,
    "mean_change": -0.31972074523143085,
    "paired_t_p": 0.5878724551376588
  }
}