{
  "dry_natural": {
    "n_events": 14,
    "mean_post_delta": 0.2408163265306122,
    "mean_pre_delta": 0.3011337868480725,
    "mean_diff": -0.06031746031746036,
    "median_diff": 0.16666666666666669,
    "exact_perm_p_onesided": 0.40765380859375,
    "exact_perm_p_twosided": 0.8153076171875,
    "bootstrap_ci": [
      -0.5455980725623584,
      0.4438860544217685
    ],
    "loo_range": [
      -0.1897435897435898,
      0.06324786324786319
    ],
    "paired_t_p": 0.821092814073277,
    "wilcoxon_p": 0.9000613080475436,
    "post_deltas": [
      -0.09523809523809523,
      0.2,
      0.13333333333333333,
      0.13333333333333333,
      0.4,
      0.0,
      0.13333333333333333,
      -0.4666666666666666,
      0.1333333333333333,
      0.4,
      0.13333333333333336,
      1.6,
      -0.33333333333333337,
      0.9999999999999991
    ],
    "pre_deltas": [
      0.8,
      0.8,
      -0.46666666666666673,
      -0.2952380952380952,
      0.13333333333333333,
      0.2,
      0.06666666666666668,
      0.6666666666666666,
      -0.4,
      0.06666666666666667,
      1.8,
      0.3666666666666667,
      -1.9555555555555557,
      2.433333333333333
    ]
  },
  "norway_total": {
    "n_events": 14,
    "mean_post_delta": -1.8952380952380952,
    "mean_pre_delta": -1.9563492063492067,
    "mean_diff": 0.06111111111111166,
    "median_diff": 0.0,
    "exact_perm_p_onesided": 0.875,
    "exact_perm_p_twosided": 1.0,
    "bootstrap_ci": [
      -0.004761904761904745,
      0.15238095238095387
    ],
    "loo_range": [
      0.024786324786324972,
      0.06837606837606895
    ],
    "paired_t_p": 0.1924736879432432,
    "wilcoxon_p": 0.28504940740261275,
    "post_deltas": [
      0.0,
      0.0,
      0.0,
      0.0,
      0.0,
      0.0,
      0.0,
      0.0,
      0.0,
      0.0,
      0.0,
      -12.0,
      -14.866666666666667,
      0.3333333333333357
    ],
    "pre_deltas": [
      0.0,
      0.0,
      0.0,
      0.0,
      0.0,
      0.0,
      0.0,
      0.0,
      0.0,
      0.0,
      0.0,
      -11.966666666666667,
      -15.222222222222225,
      -0.20000000000000284
    ]
  }
}