{
  "event_level": {
    "n": 15,
    "pearson_r": -0.021127602159995602,
    "pearson_p": 0.9404251480588055,
    "spearman_rho": -0.175,
    "spearman_p": 0.5327481481378592,
    "u850_changes": [
      -0.5949344952901203,
      -2.0761391480763756,
      -0.3388782978057865,
      1.0414308706919355,
      -0.551504882176717,
      -0.9188215732574463,
      -0.6994807720184326,
      -0.25149747530619315,
      -0.30414134661356584,
      0.2582183361053465,
      -1.2628336747487383,
      0.049073076248169034,
      -1.478814824422201,
      -0.5156155109405511,
      -0.36339368820190376
    ],
    "aval_changes": [
      -0.46666666666666673,
      -0.7333333333333334,
      -0.06666666666666665,
      0.0,
      0.13333333333333336,
      0.3333333333333333,
      -0.06666666666666668,
      -0.4666666666666666,
      0.4666666666666667,
      -0.13333333333333333,
      0.33333333333333337,
      -1.4,
      0.6000000000000001,
      -0.2666666666666666,
      3.0666666666666664
    ]
  },
  "daily_level": {
    "n": 2702,
    "pearson_r": -0.0008613664902009214,
    "pearson_p": 0.9643035663745697,
    "terciles": {
      "weak": 0.8856825749167592,
      "mid": 1.238888888888889,
      "strong": 1.0166481687014428
    }
  },
  "chain_summary": "SSW -> U850 (P=0.014) -> dry aval (event r=-0.021 P=0.9404; daily r=-0.001 P=0.964304)"
}