{
  "step1_strat_temp": {
    "variable": "ncep_t_10hpa",
    "n": 15,
    "mean_pre": 222.19129489474824,
    "mean_post": 227.13680474175354,
    "mean_change": 4.94550984700521,
    "paired_t_stat": 2.309132389261156,
    "paired_t_p": 0.03670876905588272,
    "n_positive": 10,
    "event_changes": [
      11.052173868815089,
      8.441752115885407,
      -4.641111246744799,
      -0.6609547932942803,
      10.457135009765608,
      0.9753540039062614,
      -5.048741658528655,
      -0.00941060384113257,
      6.924634806315112,
      3.3112345377604413,
      17.85454711914062,
      -8.385820515950513,
      8.990888468424487,
      20.814019775390648,
      4.106946818033862
    ]
  },
  "step2_ncep_u_10hpa": {
    "variable": "ncep_u_10hpa",
    "label": "Strat zonal wind 10hPa",
    "n": 15,
    "mean_pre": 18.1958257551988,
    "mean_post": -2.6808810945351924,
    "mean_change": -20.87670684973399,
    "paired_t_p": 1.7237839872879466e-05,
    "wilcoxon_p": 6.103515625e-05,
    "n_positive": 0,
    "event_changes": [
      -18.400791358947753,
      -37.17263328234355,
      -11.314948519070942,
      -13.614208932717641,
      -18.52456142902374,
      -4.2057871023813895,
      -15.48339822292328,
      -17.497998571395875,
      -23.077986081441246,
      -17.604166907072067,
      -53.32287546793619,
      -4.959234793980916,
      -17.975523916880288,
      -32.7829341729482,
      -27.213553986946742
    ]
  },
  "step2_ncep_u850_nh": {
    "variable": "ncep_u850_nh",
    "label": "Trop U850",
    "n": 15,
    "mean_pre": 4.414911682340834,
    "mean_post": 3.8810894552866615,
    "mean_change": -0.533822227054172,
    "paired_t_p": 0.014171421567810994,
    "wilcoxon_p": 0.01025390625,
    "n_positive": 3,
    "event_changes": [
      -0.5949344952901203,
      -2.0761391480763756,
      -0.3388782978057865,
      1.0414308706919355,
      -0.551504882176717,
      -0.9188215732574463,
      -0.6994807720184326,
      -0.25149747530619315,
      -0.30414134661356584,
      0.2582183361053465,
      -1.2628336747487383,
      0.049073076248169034,
      -1.478814824422201,
      -0.5156155109405511,
      -0.36339368820190376
    ]
  },
  "step2_ncep_z500_nh": {
    "variable": "ncep_z500_nh",
    "label": "Z500",
    "n": 15,
    "mean_pre": 5408.15958984375,
    "mean_post": 5406.961137152777,
    "mean_change": -1.1984526909721656,
    "paired_t_p": 0.811382256278157,
    "wilcoxon_p": 0.890380859375,
    "n_positive": 7,
    "event_changes": [
      -26.080794270833394,
      26.608658854166606,
      -3.647265624999818,
      -27.23401692708285,
      20.26334635416697,
      8.063997395833212,
      -23.446321614583212,
      2.059342447916606,
      31.058561197916788,
      11.898209635417516,
      7.362337239583212,
      -10.152604166666606,
      -5.672298177083576,
      -3.7886718750005457,
      -25.269270833333394
    ]
  },
  "step2_ncep_slp_nh": {
    "variable": "ncep_slp_nh",
    "label": "SLP",
    "n": 15,
    "mean_pre": 101576.1490625,
    "mean_post": 101600.31194444443,
    "mean_change": 24.162881944443022,
    "paired_t_p": 0.627873322115545,
    "wilcoxon_p": 0.45428466796875,
    "n_positive": 9,
    "event_changes": [
      -64.01354166667443,
      274.04010416667734,
      -85.9375,
      -383.7057291666715,
      97.60677083332848,
      173.33854166665697,
      113.7848958333343,
      53.61406249999709,
      248.5223958333372,
      -273.8098958333285,
      104.10781249999127,
      -81.43593750000582,
      229.45520833332557,
      52.4880208333343,
      -95.61197916665697
    ]
  },
  "step3_event_correlation": {
    "n": 15,
    "pearson_r": 0.15422793143192456,
    "pearson_p": 0.5831402327468017,
    "spearman_rho": 0.19999999999999998,
    "spearman_p": 0.4748139645221684,
    "strat_warmings": [
      11.052173868815089,
      8.441752115885407,
      -4.641111246744799,
      -0.6609547932942803,
      10.457135009765608,
      0.9753540039062614,
      -5.048741658528655,
      -0.00941060384113257,
      6.924634806315112,
      3.3112345377604413,
      17.85454711914062,
      -8.385820515950513,
      8.990888468424487,
      20.814019775390648,
      4.106946818033862
    ],
    "aval_changes": [
      -0.46666666666666673,
      -0.7333333333333334,
      -0.06666666666666665,
      0.0,
      0.13333333333333336,
      0.3333333333333333,
      -0.06666666666666668,
      -0.4666666666666666,
      0.4666666666666667,
      -0.13333333333333333,
      0.33333333333333337,
      -1.4,
      0.6000000000000001,
      -0.2666666666666666,
      3.0666666666666664
    ]
  },
  "step4_nao_aval": {
    "n": 2702,
    "pearson_r": 0.04737662787813327,
    "pearson_p": 0.01378118728219214,
    "tercile_means": {
      "NAO-": 0.6934065934065934,
      "NAO0": 1.1457174638487209,
      "NAO+": 1.3079507278835387
    }
  },
  "bonferroni_correction": {
    "raw_pvals": [
      0.03670876905588272,
      1.7237839872879466e-05,
      0.811382256278157,
      0.5831402327468017
    ],
    "corrected_pvals": [
      0.14683507622353087,
      6.895135949151786e-05,
      1.0,
      1.0
    ],
    "labels": [
      "strat_temp",
      "u10hpa",
      "z500",
      "event_corr"
    ]
  }
}