{
  "part": 3,
  "description": "Event-study with lead/lag coefficients",
  "n_ssw_events": 15,
  "avalanche_composite": {
    "lags": [
      -30,
      -29,
      -28,
      -27,
      -26,
      -25,
      -24,
      -23,
      -22,
      -21,
      -20,
      -19,
      -18,
      -17,
      -16,
      -15,
      -14,
      -13,
      -12,
      -11,
      -10,
      -9,
      -8,
      -7,
      -6,
      -5,
      -4,
      -3,
      -2,
      -1,
      0,
      1,
      2,
      3,
      4,
      5,
      6,
      7,
      8,
      9,
      10,
      11,
      12,
      13,
      14,
      15,
      16,
      17,
      18,
      19,
      20,
      21,
      22,
      23,
      24,
      25,
      26,
      27,
      28,
      29,
      30,
      31,
      32,
      33,
      34,
      35,
      36,
      37,
      38,
      39,
      40,
      41,
      42,
      43,
      44,
      45
    ],
    "means": [
      1.6567099567099568,
      -0.44865699776414064,
      -0.7918203819989534,
      -0.45122972265829414,
      -2.0443491032776753,
      -3.028348595848596,
      -1.3353174603174607,
      -1.6762108262108262,
      -1.203690013690014,
      -2.3893975468975466,
      -0.922967032967033,
      -1.5454492729492728,
      -1.2756898656898656,
      -1.8964590964590966,
      -0.21306471306471314,
      -0.914896214896215,
      -0.5488136863136863,
      -1.2754467754467753,
      -0.7214169164169163,
      -1.0625407925407924,
      -1.3823413623413623,
      -0.9372126022126022,
      0.28627687127687124,
      -0.8607744107744109,
      -0.6241987641987644,
      -0.7017989417989418,
      -1.2590993265993267,
      -0.7941967291967292,
      -1.350800865800866,
      -0.6536483886483887,
      -0.7316281866281867,
      -0.8399110149110152,
      -1.2278619528619528,
      -1.0096103896103898,
      -1.0725407925407926,
      0.5123128723128724,
      -0.825949975949976,
      -1.6700984200984201,
      -1.9324216524216522,
      -0.75986272986273,
      -1.6251801901801899,
      -3.7098462648462642,
      -0.5101176601176601,
      0.20441946941946937,
      -1.9521067821067821,
      -1.9240692640692643,
      -1.6886813186813185,
      -1.58982905982906,
      0.19406593406593403,
      6.241349206349205,
      -2.387380952380952,
      -2.7849206349206352,
      -0.7282844932844933,
      -1.3966809116809118,
      -1.4703561253561255,
      -1.8803317053317055,
      -2.463930698930699,
      -0.9392400192400193,
      -0.7508201058201057,
      -0.13781625781625773,
      0.15933501683501666,
      -0.514724697959992,
      -0.5457333135274308,
      -0.09789576436635249,
      -0.35125519904931674,
      -0.4597584488340791,
      -0.521808420337832,
      0.35224073312308596,
      -1.4072649572649572,
      -0.7158564814814815,
      -0.835038545332663,
      -0.8687269565946036,
      -0.9396552249493427,
      -0.35720205720205717,
      -1.8462020302929396,
      -0.8047188922188923
    ],
    "ci_lo": [
      -3.784137467055496,
      -0.7776332946803018,
      -1.4727750720455002,
      -1.7154737224399979,
      -4.427517719194157,
      -5.789665523979931,
      -2.8223082446982852,
      -4.590146630152393,
      -3.4748313021501236,
      -4.959113533032521,
      -2.69587396241021,
      -2.695844321616489,
      -2.7247660955266815,
      -3.603232193915894,
      -3.695137368365903,
      -2.13734845894749,
      -1.495529112312667,
      -2.4092605137867524,
      -1.0373720503156028,
      -2.814507489816128,
      -4.41348277907766,
      -3.2210247913402124,
      -4.8160345808009035,
      -2.0983121679799464,
      -2.76128380811056,
      -1.2015838251953765,
      -2.0308432569878123,
      -2.167330885960021,
      -2.9675205930581976,
      -1.7795715132761565,
      -2.1729509975096257,
      -2.436066946931056,
      -2.2138554527399164,
      -1.8825771961869764,
      -2.9805658287039885,
      -2.880841664846349,
      -1.534474697447903,
      -3.514330459634471,
      -4.690217468292373,
      -2.099949205690166,
      -3.5521575724149796,
      -6.879369035697073,
      -1.33673348576502,
      -4.826720449942877,
      -4.608486979911097,
      -4.287060784104987,
      -2.5165472663379207,
      -3.5405466739488007,
      -1.8986890790608117,
      -10.736561885036124,
      -4.364382134879126,
      -5.592902342265413,
      -1.672602800837973,
      -2.8129494181165144,
      -3.0025120303008395,
      -4.50348387471513,
      -4.863592256787623,
      -4.2219537022847895,
      -3.1629828982860753,
      -1.4480893473745957,
      -2.8225109886849165,
      -1.6915790247295361,
      -3.5409230811298733,
      -5.534615622914288,
      -2.005534278393556,
      -0.9114647308028707,
      -0.893948987191646,
      -1.3287162261828578,
      -3.064615615454744,
      -1.3530378011999424,
      -1.4270803305973796,
      -1.3211751735756758,
      -1.6436210874807116,
      -1.1198818532273604,
      -4.388898134097708,
      -1.3989275322993149
    ],
    "ci_hi": [
      7.0975573804754095,
      -0.11968070084797944,
      -0.1108656919524067,
      0.8130142771234095,
      0.3388195126388056,
      -0.2670316677172613,
      0.15167332406336387,
      1.2377249777307404,
      1.0674512747700957,
      0.18031843923742752,
      0.8499398964761442,
      -0.3950542242820563,
      0.1733863641469502,
      -0.1896859990022992,
      3.2690079422364766,
      0.30755602915505986,
      0.3979017396852944,
      -0.14163303710679798,
      -0.40546178251822995,
      0.6894259047345435,
      1.6488000543949355,
      1.346599586915008,
      5.388588323354646,
      0.3767633464311244,
      1.512886279713031,
      -0.2020140584025069,
      -0.4873553962108411,
      0.5789374275665627,
      0.26591886145646604,
      0.4722747359793792,
      0.7096946242532524,
      0.7562449171090257,
      -0.2418684529839893,
      -0.1366435830338032,
      0.8354842436224033,
      3.9054674094720934,
      -0.11742525445204888,
      0.17413361943763084,
      0.8253741634490688,
      0.5802237459647058,
      0.30179719205459965,
      -0.5403234939954551,
      0.31649816552969956,
      5.235559388781815,
      0.7042734156975334,
      0.43892225596645784,
      -0.8608153710247162,
      0.36088855429068056,
      2.28682094719268,
      23.219260297734536,
      -0.4103797698827787,
      0.023061072424142015,
      0.21603381426898638,
      0.019587594754691073,
      0.06179977958858829,
      0.7428204640517193,
      -0.0642691410737748,
      2.3434736638047506,
      1.661342686645864,
      1.1724568317420805,
      3.1411810223549494,
      0.6621296288095522,
      2.4494564540750114,
      5.338824094181582,
      1.3030238802949226,
      -0.008052166865287536,
      -0.14966785348401812,
      2.0331976924290296,
      0.2500857009248294,
      -0.0786751617630207,
      -0.24299676006794635,
      -0.41627873961353157,
      -0.2356893624179739,
      0.40547773882324617,
      0.696494073511829,
      -0.21051025213846963
    ],