{
  "ssw_nao": {
    "n_events": 38,
    "nao_clim_mean": 0.12830145027624307,
    "pre_ssw_nao_mean": 0.008656140350877226,
    "pre_ssw_nao_p": 0.27226569701407627,
    "post_ssw_nao_mean": 0.03192280701754385,
    "post_ssw_nao_t": -0.9971546315137726,
    "post_ssw_nao_p": 0.32516639692721194,
    "nao_negative_fraction": 0.5526315789473685,
    "sign_test_p": 0.31355128507857444
  },
  "nao_avalanche": {
    "daily_spearman_r": 0.02231613211345812,
    "daily_spearman_p": 0.24629216925756825,
    "nao_neg_mean": 0.5728699551569507,
    "nao_pos_mean": 0.9438832772166106,
    "rate_ratio": 0.606928810992679,
    "mannwhitney_p": 0.346280402830357
  },
  "ssw_z500": {
    "n_events": 24,
    "post_ssw_z500_mean": -1.0878002516889616,
    "post_ssw_z500_std": 10.814915766574494,
    "post_ssw_z500_t": -0.4823807092646299,
    "post_ssw_z500_p": 0.6340946196109469,
    "fraction_positive": 0.5
  },
  "mediation": {
    "n_days": 2701,
    "n_ssw_days": 675,
    "total_effect_c": -0.31006178933128564,
    "path_a_ssw_nao": 0.0071294336587326874,
    "path_b_nao_aval": 0.2432402474038451,
    "direct_effect_cprime": -0.31179595453828435,
    "indirect_effect": 0.0017341652069994395,
    "proportion_mediated": -0.00559296652044593,
    "indirect_ci_low": -0.013960843220497779,
    "indirect_ci_high": 0.02069700065802573,
    "indirect_p": 0.586
  },
  "vortex_decel_dose_response": {
    "n": 15,
    "spearman_r": -0.25,
    "spearman_p": 0.36884629178393047
  },
  "vortex_decel": {
    "n_events": 24,
    "mean_decel": 27.330301297952733,
    "std_decel": 10.99634107001557
  },
  "extended_mechanism": {
    "T100_anom": {
      "mean": 4.792876533840012,
      "t": 8.008963911404233,
      "p": 4.2075457580947296e-08,
      "n": 24
    },
    "U10_anom": {
      "mean": -22.479702779571053,
      "t": -7.5450534198648,
      "p": 1.1537462626830625e-07,
      "n": 24
    },
    "Z500_anom": {
      "mean": -0.9239833665931201,
      "t": -0.29276092164568124,
      "p": 0.7723298487836541,
      "n": 24
    },
    "SLP_anom": {
      "mean": -7.610231261322649,
      "t": -0.18908858697792602,
      "p": 0.8516820514115824,
      "n": 24
    },
    "U850_anom": {
      "mean": -0.06521487840707746,
      "t": -0.45767635413019586,
      "p": 0.651479244277757,
      "n": 24
    }
  },
  "nao_era5_alpine": {
    "tp_mm": {
      "nao_neg_mean": 0.5800993930263842,
      "nao_pos_mean": 0.5249848038182894,
      "diff": 0.055114589208094866,
      "t": 1.1484984351876943,
      "p": 0.2510386092825614
    },
    "sf_mm": {
      "nao_neg_mean": 0.2887135231683066,
      "nao_pos_mean": 0.21208475121470668,
      "diff": 0.07662877195359993,
      "t": 3.348261572556495,
      "p": 0.0008436568468669997
    },
    "t2m_K": {
      "nao_neg_mean": 273.36905965250816,
      "nao_pos_mean": 275.5170278300742,
      "diff": -2.1479681775660424,
      "t": -8.683784993640268,
      "p": 1.5452323412654392e-17
    },
    "wind_speed": {
      "nao_neg_mean": 1.205623545003915,
      "nao_pos_mean": 1.1587754248466726,
      "diff": 0.04684812015724238,
      "t": 1.1526447959271235,
      "p": 0.24933277084511352
    }
  }
}