{
  "swiss": {
    "peak_suppression_lag": -13,
    "peak_suppression_rr": 0.25968020388030255,
    "baseline_rate": 0.9145864661654135,
    "n_events": 16
  },
  "norway": {
    "peak_suppression_lag": -12,
    "peak_suppression_rr": 0.8129469326307867,
    "baseline_danger": 1.9681481481481482,
    "n_events": 4
  },
  "cross_country_correlation": {
    "spearman_r": 0.6168215994589029,
    "spearman_p": 0.00021939843762692536
  }
}