{
  "primary_strat_5_21d": {
    "label": "primary_strat",
    "outcome": "aai_all_natural",
    "exposure": "post_event_5_21d",
    "n_obs": 2702,
    "n_exposed_days": 1625,
    "n_unexposed_days": 1077,
    "mean_count_exposed": 1.0873846153846154,
    "mean_count_unexposed": 1.1847725162488394,
    "raw_ratio": 0.917800337593441,
    "beta": -0.03678627424390486,
    "se": 0.07690136674532083,
    "p_value": 0.6323964371619041,
    "rate_ratio": 0.9638821197710158,
    "rr_ci_lower": 0.8290206758661789,
    "rr_ci_upper": 1.1206822312888103,
    "aic": 6480.596877915979,
    "bic": 6669.452798508624,
    "deviance": 4644.275730940652,
    "n_confounders": 6,
    "n_winter_fe": 20
  },
  "fast_pathway_1_3d": {
    "label": "fast_1_3d",
    "outcome": "aai_all_natural",
    "exposure": "post_event_1_3d",
    "n_obs": 2702,
    "n_exposed_days": 342,
    "n_unexposed_days": 2360,
    "mean_count_exposed": 1.2076023391812865,
    "mean_count_unexposed": 1.1144067796610169,
    "raw_ratio": 1.083627954550508,
    "beta": -0.2562141796299039,
    "se": 0.09663321556461117,
    "p_value": 0.008015670450237601,
    "rate_ratio": 0.7739761811066856,
    "rr_ci_lower": 0.6404323384630337,
    "rr_ci_upper": 0.9353667717000618,
    "aic": 6473.834170897804,
    "bic": 6662.690091490449,
    "deviance": 4637.513023922476,
    "n_confounders": 6,
    "n_winter_fe": 20
  },
  "secondary_dry_natural_size_1234": {
    "label": "secondary_dry_natural_size_1234",
    "outcome": "dry_natural_size_1234",
    "exposure": "post_event_5_21d",
    "n_obs": 2702,
    "n_exposed_days": 1625,
    "n_unexposed_days": 1077,
    "mean_count_exposed": 0.8658461538461538,
    "mean_count_unexposed": 1.3203342618384402,
    "raw_ratio": 0.655777994157741,
    "beta": -0.14567948319352153,
    "se": 0.07935896457091685,
    "p_value": 0.0664016054927426,
    "rate_ratio": 0.8644347246446066,
    "rr_ci_lower": 0.7399148288157653,
    "rr_ci_upper": 1.0099100113554518,
    "aic": 5984.66348776769,
    "bic": 6173.519408360335,
    "deviance": 3923.760445668415,
    "n_confounders": 6,
    "n_winter_fe": 20
  },
  "secondary_wet_natural_size_1234": {
    "label": "secondary_wet_natural_size_1234",
    "outcome": "wet_natural_size_1234",
    "exposure": "post_event_5_21d",
    "n_obs": 2702,
    "n_exposed_days": 1625,
    "n_unexposed_days": 1077,
    "mean_count_exposed": 0.6258461538461538,
    "mean_count_unexposed": 0.5171773444753947,
    "raw_ratio": 1.2101190443308933,
    "beta": -0.33064531227615956,
    "se": 0.11309976115565054,
    "p_value": 0.003461383076194433,
    "rate_ratio": 0.7184599527788887,
    "rr_ci_lower": 0.5756146970789056,
    "rr_ci_upper": 0.8967538639415321,
    "aic": 3353.5818358919023,
    "bic": 3542.4377564845468,
    "deviance": 2378.3892242155734,
    "n_confounders": 6,
    "n_winter_fe": 20
  },
  "secondary_natural_size_234": {
    "label": "secondary_natural_size_234",
    "outcome": "natural_size_234",
    "exposure": "post_event_5_21d",
    "n_obs": 2702,
    "n_exposed_days": 1625,
    "n_unexposed_days": 1077,
    "mean_count_exposed": 1.7815384615384615,
    "mean_count_unexposed": 2.1225626740947074,
    "raw_ratio": 0.8393337371290127,
    "beta": -0.13793664238944467,
    "se": 0.067169473069986,
    "p_value": 0.04001815377768162,
    "rate_ratio": 0.8711538842258786,
    "rr_ci_lower": 0.7636953006786475,
    "rr_ci_upper": 0.9937328268583573,
    "aic": 8547.235324821959,
    "bic": 8736.091245414604,
    "deviance": 5241.41147768548,
    "n_confounders": 6,
    "n_winter_fe": 20
  },
  "secondary_natural_size_1234": {
    "label": "secondary_natural_size_1234",
    "outcome": "natural_size_1234",
    "exposure": "post_event_5_21d",
    "n_obs": 2702,
    "n_exposed_days": 1625,
    "n_unexposed_days": 1077,
    "mean_count_exposed": 1.8467692307692307,
    "mean_count_unexposed": 2.205199628597957,
    "raw_ratio": 0.8374612469635628,
    "beta": -0.12814446797111778,
    "se": 0.06676054490880215,
    "p_value": 0.054925627863674074,
    "rate_ratio": 0.8797262776933431,
    "rr_ci_lower": 0.7718286329974953,
    "rr_ci_upper": 1.002707454190413,
    "aic": 8683.612674855693,
    "bic": 8872.468595448338,
    "deviance": 5314.485459148618,
    "n_confounders": 6,
    "n_winter_fe": 20
  },
  "secondary_max_size": {
    "label": "secondary_max_size",
    "outcome": "max_size",
    "exposure": "post_event_5_21d",
    "n_obs": 2702,
    "n_exposed_days": 1625,
    "n_unexposed_days": 1077,
    "mean_count_exposed": 1.0135384615384615,
    "mean_count_unexposed": 1.1077065923862581,
    "raw_ratio": 0.9149882003997678,
    "beta": -0.004234588262908763,
    "se": 0.06943938616792118,
    "p_value": 0.9513731358150495,
    "rate_ratio": 0.9957743649637681,
    "rr_ci_lower": 0.8690685402602183,
    "rr_ci_upper": 1.1409532620086544,
    "aic": 7453.236908527547,
    "bic": 7642.092829120192,
    "deviance": 2793.11589793887,
    "n_confounders": 6,
    "n_winter_fe": 20
  },
  "dose_strong": {
    "label": "dose_strong",
    "outcome": "aai_all_natural",
    "exposure": "strong_event",
    "n_obs": 2702,
    "n_exposed_days": 300,
    "n_unexposed_days": 2402,
    "mean_count_exposed": 1.04,
    "mean_count_unexposed": 1.136969192339717,
    "raw_ratio": 0.9147125595020139,
    "beta": 0.0028884142781113635,
    "se": 0.11892816393420777,
    "p_value": 0.9806236425930793,
    "rate_ratio": 1.002892589765844,
    "rr_ci_lower": 0.7943695452505578,
    "rr_ci_upper": 1.266153206175593,
    "aic": 6480.807963333657,
    "bic": 6669.663883926302,
    "deviance": 4644.486816358329,
    "n_confounders": 6,
    "n_winter_fe": 20
  },
  "extended_full_period": {
    "label": "extended",
    "outcome": "aai_all_natural",
    "exposure": "post_event_5_21d",
    "n_obs": 2702,
    "n_exposed_days": 1625,
    "n_unexposed_days": 1077,
    "mean_count_exposed": 1.0873846153846154,
    "mean_count_unexposed": 1.1847725162488394,
    "raw_ratio": 0.917800337593441,
    "beta": -0.03678627424390486,
    "se": 0.07690136674532083,
    "p_value": 0.6323964371619041,
    "rate_ratio": 0.9638821197710158,
    "rr_ci_lower": 0.8290206758661789,
    "rr_ci_upper": 1.1206822312888103,
    "aic": 6480.596877915979,
    "bic": 6669.452798508624,
    "deviance": 4644.275730940652,
    "n_confounders": 6,
    "n_winter_fe": 20
  }
}