{
  "power_at_obs_d": 0.9739022724761301,
  "mde_80pct": 0.74936549761849,
  "shapiro_w": 0.9695500222982443,
  "shapiro_p": 0.8513353205534481
}