{
  "event_correlations": {
    "ncep_z500_nh": {
      "r": 0.5620023710323807,
      "p": 0.023465459781743365,
      "r2": 0.3158466650460177
    },
    "ncep_slp_nh": {
      "r": 0.5382445878752259,
      "p": 0.03148972803366459,
      "r2": 0.28970723637697177
    },
    "ncep_t_50hpa": {
      "r": -0.1058547234789401,
      "p": 0.6964098331420681,
      "r2": 0.011205222482802871
    },
    "ncep_u_50hpa": {
      "r": -0.10411912150149893,
      "p": 0.7011722130755866,
      "r2": 0.010840791462243898
    },
    "t2m": {
      "r": 0.03474617868280173,
      "p": 0.8983483545936196,
      "r2": 0.0012072969330571852
    },
    "tp": {
      "r": -0.09554955160866524,
      "p": 0.7248367612649012,
      "r2": 0.009129716812616982
    },
    "sf": {
      "r": -0.0033989436164842957,
      "p": 0.9900324298393277,
      "r2": 1.1552817708039342e-05
    },
    "ws": {
      "r": 0.13642472810693612,
      "p": 0.6144024270611049,
      "r2": 0.018611706439051447
    },
    "dry_frac": {
      "r": 0.24486803923425618,
      "p": 0.36069319527957483,
      "r2": 0.059960356638429226
    }
  },
  "stepwise_r2": {
    "z500": 0.31584666504601766,
    "surface": 0.011308374018484724,
    "combined": 0.3165333309937799
  },
  "mediation": {
    "pct_full": 126.52058804129527,
    "pct_z500": 155.35391949283962,
    "ci_full": [
      -0.048016972016615575,
      0.21685328791218833
    ],
    "ci_z500": [
      -0.01614978931939383,
      0.2084848743574402
    ],
    "sig_full": false,
    "sig_z500": false
  },
  "regime": {
    "chi2": 83.5193509258608,
    "p": 5.394442892483003e-18
  },
  "chain": {
    "link1_d": 0.8985865791921213,
    "link2_d": -0.8292002498224254,
    "link3_d": -0.47138897160922744,
    "link4_d": -0.12286234239647541
  }
}