{
  "trigger_avalanche_correlations": {
    "frac_surface_warm": {
      "r": -0.024437135001029578,
      "p": 0.1627741077653414,
      "r2": 0.0005971735670585449
    },
    "frac_rain": {
      "r": 0.03461255280730936,
      "p": 0.0480077802989261,
      "r2": 0.0011980288118387792
    },
    "mean_iswr": {
      "r": -0.018849815094997852,
      "p": 0.2816590070080412,
      "r2": 0.0003553155291156089
    },
    "frac_high_iswr": {
      "r": -0.021728767754475832,
      "p": 0.21458117064273718,
      "r2": 0.00047213934812794867
    },
    "frac_any_trigger": {
      "r": 0.008716857239591251,
      "p": 0.618607251870875,
      "r2": 7.598360013541441e-05
    },
    "mean_sn38": {
      "r": -0.07708522734092413,
      "p": 1.0391460424990342e-05,
      "r2": 0.005942132274201956
    },
    "mean_hn24": {
      "r": 0.15968977403265275,
      "p": 4.3604529816970886e-20,
      "r2": 0.025500823930599697
    }
  },
  "expected_vs_observed_rr": {
    "expected_rr_multivariate": 1.1839667935266185,
    "observed_rr": 0.8066561701350858
  },
  "trigger_day_analysis": {
    "trigger_day_rate": 1.235906331309627,
    "no_trigger_day_rate": 0.7645665561345334,
    "trigger_nontrigger_ratio": 1.6164797183361974,
    "ssw_trigger_frac": 0.21818181818181817,
    "ctrl_trigger_frac": 0.37739256049115205,
    "expected_rr_trigger_frequency": 0.9203749591161091
  }
}