{
  "nao_ssw_d": -0.10882692180548048,
  "ao_ssw_d": -0.2258353913073718,
  "nao_vs_rr_r": 0.06505959249109378,
  "nao_vs_rr_p": 0.8108100814107688,
  "ao_vs_rr_r": -0.009999506318544155,
  "ao_min_lag": 19,
  "nao_min_lag": -27,
  "nao_ao_r2": 0.011829851026368687
}