{
  "n_events": 16,
  "snow_fraction": {
    "ssw_mean": 0.5784606638869334,
    "ctrl_mean": 0.5612319928907741,
    "change_mean": 0.017228670996159354
  },
  "rainfall": {
    "ssw_mean": 0.1529519528041281,
    "ctrl_mean": 0.15304068142322952,
    "change_mean": -8.872861910142436e-05
  },
  "mediation": {
    "sf_vs_rr_r": 0.31244983667959964,
    "sf_vs_rr_p": 0.2387136989950058,
    "rain_vs_rr_r": -0.08937794766231849,
    "rain_vs_rr_p": 0.7420266038373742
  }
}