{
  "training": {
    "n": 8,
    "n_decrease": 7,
    "gm_rr": 0.31753837690807346,
    "d": -1.3941880361362642,
    "p_sign": 0.03515625
  },
  "validation": {
    "n": 8,
    "n_decrease": 5,
    "gm_rr": 0.632635804092236,
    "d": -0.38548710948092,
    "p_sign": 0.36328125
  },
  "halves_consistent": 0.19865658371284395
}