{
  "total_effect": -0.1546789266992049,
  "pathways": {
    "t2m": {
      "name": "Temperature (K)",
      "a": -0.28393999571560935,
      "b": -0.0019989909855932233,
      "indirect": 0.0005675934918848816,
      "pct_mediated": -0.36694946363873315,
      "boot_ci": [
        -0.019610313088412976,
        0.02236846340068145
      ],
      "significant": "NO"
    },
    "tp": {
      "name": "Total precip (mm)",
      "a": -0.044967802657509055,
      "b": 0.4724641052254364,
      "indirect": -0.021245672646534017,
      "pct_mediated": 13.735337514882836,
      "boot_ci": [
        -0.059690141810204024,
        0.005044196562176265
      ],
      "significant": "NO"
    },
    "sf": {
      "name": "Snowfall (mm)",
      "a": -0.02580241096154719,
      "b": 1.4917497147063408,
      "indirect": -0.038490739190623784,
      "pct_mediated": 24.884281273475914,
      "boot_ci": [
        -0.10491344644362878,
        0.004435130039441121
      ],
      "significant": "NO"
    },
    "rainfall": {
      "name": "Rainfall (mm)",
      "a": -0.01916539169596188,
      "b": 0.2882421411116497,
      "indirect": -0.005524273537687483,
      "pct_mediated": 3.571445481019024,
      "boot_ci": [
        -0.023822587661990934,
        0.00391166756921976
      ],
      "significant": "NO"
    },
    "snow_frac": {
      "name": "Snow fraction",
      "a": -0.02304034129881383,
      "b": 1.1779688666945816,
      "indirect": -0.02714080472802009,
      "pct_mediated": 17.546543221624,
      "boot_ci": [
        -0.0857620146440145,
        0.013153741963239795
      ],
      "significant": "NO"
    },
    "z500": {
      "name": "Z500 (gpm)",
      "a": -5.092337038083501,
      "b": 0.0004657437671870615,
      "indirect": -0.0023717242359032127,
      "pct_mediated": 1.5333208514663192,
      "boot_ci": [
        -0.03856188466157214,
        0.030652477743316715
      ],
      "significant": "NO"
    }
  },
  "trigger_pathway_pct": 13.74627104742494,
  "n_days": 2662,
  "n_ssw_days": 496
}