{
  "window_10d": {
    "rr": 0.27214504131041783,
    "decrease": 12,
    "n": 15,
    "p": 0.03515625
  },
  "window_15d": {
    "rr": 0.28178630031715085,
    "decrease": 13,
    "n": 15,
    "p": 0.00738525390625
  },
  "window_20d": {
    "rr": 0.3120152327721981,
    "decrease": 13,
    "n": 15,
    "p": 0.00738525390625
  },
  "window_25d": {
    "rr": 0.3255818374569939,
    "decrease": 12,
    "n": 15,
    "p": 0.03515625
  },
  "window_30d": {
    "rr": 0.37441050026408484,
    "decrease": 12,
    "n": 15,
    "p": 0.03515625
  },
  "displacement_only": {
    "rr": 0.2566968105202489,
    "decrease": 13,
    "n": 14,
    "p": 0.0018310546875
  },
  "excl_outliers": {
    "rr": 0.21092363268169062,
    "decrease": 13,
    "n": 13,
    "p": 0.000244140625
  },
  "post_2005": {
    "rr": 0.3171918225695181,
    "decrease": 7,
    "n": 9,
    "p": 0.1796875
  }
}