{
  "raw": {
    "r": 0.6144067921683127,
    "p": 0.00023596610143672176,
    "n": 31
  },
  "bretherton_corrected": {
    "r": 0.6144067921683127,
    "p": 0.12862578625233864,
    "n_eff": 7.326686401560566,
    "r1_swiss": 0.7427791632865159,
    "r1_norway": 0.8315685688149665
  },
  "non_overlapping": {
    "r": 0.6454545454545455,
    "p": 0.11741907772094348,
    "n": 7
  },
  "phase_level": {
    "r": 0.9746794344808964,
    "p": 0.004818230468198537,
    "n": 5
  }
}