{
  "full_rr": 0.4396699917504909,
  "full_p": 0.010888604572451211,
  "excl_rr": 0.41952375018092786,
  "excl_p": 0.007927766027314953
}