station_id,name,state,network,elevation_ft,latitude,longitude,county,begin_date,end_date,elevation_m
0280:AK:COOP,Anchorage Wscmo AP,AK,COOP,120.0,61.16916,-150.02771,Anchorage,1952-01-01 00:00,2100-01-01 00:00,36.576
0546:AK:COOP,Barrow WSO Airport,AK,COOP,20.0,71.28703,-156.73938,North Slope,1949-09-01 00:00,2100-01-01 00:00,6.096
0761:AK:COOP,Bettles FAA Airport,AK,COOP,640.0,66.91764,-151.51892,Yukon-Koyukuk,1951-01-01 00:00,2100-01-01 00:00,195.072
5076:AK:COOP,Kotzebue WSO Airport,AK,COOP,10.0,66.88569,-162.6068,Northwest Arctic,1903-06-01 00:00,2100-01-01 00:00,3.048
5136:AK:COOP,Kuparuk,AK,COOP,60.0,70.3289,-149.6114,North Slope,1983-02-01 00:00,2100-01-01 00:00,18.288
6496:AK:COOP,Nome WSO Airport,AK,COOP,20.0,64.51112,-165.44002,Nome,1900-08-01 00:00,2100-01-01 00:00,6.096
1074:AK:OTHER,Nuchek,AK,OTHER,30.0,60.331,-146.6591,Chugach,2004-10-01 00:00,2100-01-01 00:00,9.144
1075:AK:OTHER,Port San Juan,AK,OTHER,10.0,60.05072,-148.06633,Chugach,2004-10-01 00:00,2100-01-01 00:00,3.048
1087:AK:OTHER,Seal Island,AK,OTHER,30.0,60.42668,-147.40334,Chugach,2005-10-01 00:00,2100-01-01 00:00,9.144
2212:AK:SCAN,Kanuti Lake,AK,SCAN,520.0,66.177,-151.742,Yukon-Koyukuk,2014-08-25 00:00,2100-01-01 00:00,158.496
2062:AK:SCAN,Moose Inc,AK,SCAN,110.0,59.68881,-151.37108,Kenai Peninsula,2002-05-06 00:00,2100-01-01 00:00,33.528
2063:AK:SCAN,Schor Garden,AK,SCAN,380.0,59.6927,-151.394,Kenai Peninsula,2002-05-06 00:00,2100-01-01 00:00,115.82400000000001
1267:AK:SNTL,Alexander Lake,AK,SNTL,170.0,61.7493,-150.89199,Matanuska-Susitna,2014-08-28 00:00,2100-01-01 00:00,51.816
1189:AK:SNTL,American Creek,AK,SNTL,1020.0,64.78969,-141.23376,Southeast Fairbanks,2011-08-04 00:00,2100-01-01 00:00,310.896
1062:AK:SNTL,Anchor River Divide,AK,SNTL,1650.0,59.8608,-151.31494,Kenai Peninsula,1980-10-01 00:00,2100-01-01 00:00,502.92
1070:AK:SNTL,Anchorage Hillside,AK,SNTL,1910.0,61.11315,-149.68345,Anchorage,2004-10-01 00:00,2100-01-01 00:00,582.168
2065:AK:SNTL,Aniak,AK,SNTL,90.0,61.58337,-159.57708,Bethel,2002-07-21 00:00,2100-01-01 00:00,27.432000000000002
957:AK:SNTL,Atigun Pass,AK,SNTL,4780.0,68.12983,-149.47817,North Slope,1981-10-01 00:00,2100-01-01 00:00,1456.944
1182:AK:SNTL,Bettles Field,AK,SNTL,640.0,66.91467,-151.53318,Yukon-Koyukuk,1980-10-01 00:00,2100-01-01 00:00,195.072
1260:AK:SNTL,Chena Lakes,AK,SNTL,500.0,64.75793,-147.21823,Fairbanks North Star,2020-08-20 00:00,2100-01-01 00:00,152.4
1093:AK:SNTL,Chisana,AK,SNTL,3320.0,62.06947,-142.04919,Copper River,2007-10-01 00:00,2100-01-01 00:00,1011.936
958:AK:SNTL,Coldfoot,AK,SNTL,1070.0,67.25333,-150.183,Yukon-Koyukuk,1994-10-01 00:00,2100-01-01 00:00,326.136
959:AK:SNTL,Cooper Lake,AK,SNTL,1150.0,60.39027,-149.6936,Kenai Peninsula,1981-10-01 00:00,2100-01-01 00:00,350.52000000000004
1302:AK:SNTL,Creamers Field,AK,SNTL,440.0,64.86534,-147.73617,Fairbanks North Star,2021-08-11 00:00,2100-01-01 00:00,134.112
1303:AK:SNTL,Dahl Creek,AK,SNTL,250.0,66.94517,-156.90318,Northwest Arctic,2021-09-01 00:00,2100-01-01 00:00,76.2
960:AK:SNTL,Eagle Summit,AK,SNTL,3630.0,65.48588,-145.41212,Yukon-Koyukuk,1997-10-01 00:00,2100-01-01 00:00,1106.424
1332:AK:SNTL,Elmendorf Field,AK,SNTL,170.0,61.24777,-149.82331,Anchorage,2024-10-09 00:00,2100-01-01 00:00,51.816
1071:AK:SNTL,Esther Island,AK,SNTL,50.0,60.798,-148.0857,Chugach,2004-10-01 00:00,2100-01-01 00:00,15.24
1092:AK:SNTL,Exit Glacier,AK,SNTL,360.0,60.18957,-149.6228,Kenai Peninsula,2011-07-05 00:00,2100-01-01 00:00,109.72800000000001
1268:AK:SNTL,Fielding Lake,AK,SNTL,3000.0,63.2026,-145.63442,Copper River,2014-08-07 00:00,2100-01-01 00:00,914.4000000000001
1285:AK:SNTL,Flower Mountain,AK,SNTL,2540.0,59.39617,-136.28123,Haines,2017-08-10 00:00,2100-01-01 00:00,774.192
961:AK:SNTL,Fort Yukon,AK,SNTL,440.0,66.5705,-145.24553,Yukon-Koyukuk,1992-10-01 00:00,2100-01-01 00:00,134.112
641:AK:SNTL,Frostbite Bottom,AK,SNTL,2690.0,61.74699,-149.26769,Matanuska-Susitna,2019-02-07 00:00,2100-01-01 00:00,819.912
429:AK:SNTL,Galena AK,AK,SNTL,340.0,64.69662,-156.71497,Yukon-Koyukuk,2018-08-16 00:00,2100-01-01 00:00,103.632
956:AK:SNTL,Grandview,AK,SNTL,1070.0,60.60832,-149.06313,Kenai Peninsula,1982-10-01 00:00,2100-01-01 00:00,326.136
963:AK:SNTL,Granite Crk,AK,SNTL,1250.0,63.94382,-145.39993,Southeast Fairbanks,1985-11-01 00:00,2100-01-01 00:00,381.0
964:AK:SNTL,Grouse Creek Divide,AK,SNTL,720.0,60.25965,-149.34228,Kenai Peninsula,1988-10-01 00:00,2100-01-01 00:00,219.45600000000002
2222:AK:SNTL,Gulkana River,AK,SNTL,1830.0,62.40962,-145.37513,Copper River,2018-06-16 00:00,2100-01-01 00:00,557.784
1270:AK:SNTL,Heen Latinee,AK,SNTL,2100.0,58.69652,-134.86448,Juneau,2015-10-02 13:00,2100-01-01 00:00,640.08
1318:AK:SNTL,Hoonah,AK,SNTL,1520.0,58.12411,-135.413,Hoonah-Angoon,2023-10-19 00:00,2100-01-01 00:00,463.29600000000005
2210:AK:SNTL,Hozatka Lake,AK,SNTL,220.0,65.19405,-156.64113,Yukon-Koyukuk,2014-08-04 00:00,2100-01-01 00:00,67.056
968:AK:SNTL,Imnaviat Creek,AK,SNTL,3060.0,68.61652,-149.3033,North Slope,1980-10-01 00:00,2100-01-01 00:00,932.6880000000001
1091:AK:SNTL,Independence Mine,AK,SNTL,3450.0,61.79001,-149.2839,Matanuska-Susitna,1997-10-01 00:00,2100-01-01 00:00,1051.56
946:AK:SNTL,Indian Pass,AK,SNTL,2400.0,61.06577,-149.48543,Anchorage,1978-10-01 00:00,2100-01-01 00:00,731.52
1275:AK:SNTL,Jack Wade Jct,AK,SNTL,3660.0,64.14797,-141.32985,Southeast Fairbanks,2015-10-01 00:00,2100-01-01 00:00,1115.568
1036:AK:SNTL,Johnsons Camp,AK,SNTL,10.0,64.5646,-164.29257,Nome,2000-10-01 00:00,2100-01-01 00:00,3.048
1072:AK:SNTL,Kantishna,AK,SNTL,1590.0,63.53667,-150.98593,Denali,2004-10-01 00:00,2100-01-01 00:00,484.632
1175:AK:SNTL,Kelly Station,AK,SNTL,300.0,67.9297,-162.2906,Northwest Arctic,1991-10-01 00:00,2100-01-01 00:00,91.44
966:AK:SNTL,Kenai Moose Pens,AK,SNTL,290.0,60.72499,-150.47369,Kenai Peninsula,1982-10-01 00:00,2100-01-01 00:00,88.39200000000001
947:AK:SNTL,Little Chena Ridge,AK,SNTL,2150.0,65.12422,-146.7339,Fairbanks North Star,1980-10-01 00:00,2100-01-01 00:00,655.32
1001:AK:SNTL,Long Lake,AK,SNTL,840.0,58.186,-133.83217,Juneau,1966-10-01 00:00,2100-01-01 00:00,256.03200000000004
768:AK:SNTL,Look Eyrie,AK,SNTL,5040.0,63.32192,-145.59655,Southeast Fairbanks,2019-08-08 00:00,2100-01-01 00:00,1536.192
1265:AK:SNTL,Lower Kachemak Creek,AK,SNTL,1960.0,59.73516,-150.69429,Kenai Peninsula,2015-06-19 11:00,2100-01-01 00:00,597.408
1096:AK:SNTL,May Creek,AK,SNTL,1550.0,61.34918,-142.69355,Copper River,2006-10-01 00:00,2100-01-01 00:00,472.44
785:AK:SNTL,McGrath,AK,SNTL,340.0,62.94652,-155.6102,Yukon-Koyukuk,2019-08-13 00:00,2100-01-01 00:00,103.632
1003:AK:SNTL,Mcneil Canyon,AK,SNTL,1350.0,59.74521,-151.25839,Kenai Peninsula,1985-10-01 00:00,2100-01-01 00:00,411.48
1191:AK:SNTL,Mcneil River SGS,AK,SNTL,110.0,59.08358,-154.27785,Kenai Peninsula,2012-06-27 13:00,2100-01-01 00:00,33.528
1064:AK:SNTL,Middle Fork Bradley,AK,SNTL,2330.0,59.77711,-150.75698,Kenai Peninsula,1989-10-01 00:00,2100-01-01 00:00,710.1840000000001
1094:AK:SNTL,Monahan Flat,AK,SNTL,2690.0,63.30464,-147.64883,Matanuska-Susitna,1983-10-01 00:00,2100-01-01 00:00,819.912
949:AK:SNTL,Monument Creek,AK,SNTL,1840.0,65.07738,-145.87358,Fairbanks North Star,1979-10-01 00:00,2100-01-01 00:00,560.832
1176:AK:SNTL,Moore Creek Bridge,AK,SNTL,2250.0,59.58668,-135.19455,Skagway,1989-10-01 00:00,2100-01-01 00:00,685.8000000000001
1035:AK:SNTL,Moraine,AK,SNTL,2010.0,61.37727,-148.99917,Anchorage,2001-10-01 00:00,2100-01-01 00:00,612.648
1103:AK:SNTL,Mt. Alyeska,AK,SNTL,1500.0,60.95842,-149.08858,Anchorage,1971-10-01 00:00,2100-01-01 00:00,457.20000000000005
1073:AK:SNTL,Mt. Eyak,AK,SNTL,1450.0,60.55648,-145.72201,Chugach,2004-10-01 00:00,2100-01-01 00:00,441.96000000000004
948:AK:SNTL,Mt. Ryan,AK,SNTL,2750.0,65.25113,-146.15133,Fairbanks North Star,1980-10-01 00:00,2100-01-01 00:00,838.2
950:AK:SNTL,Munson Ridge,AK,SNTL,3020.0,64.85168,-146.21215,Fairbanks North Star,1979-10-01 00:00,2100-01-01 00:00,920.4960000000001
2081:AK:SNTL,Nenana,AK,SNTL,370.0,64.68582,-148.9113,Yukon-Koyukuk,2002-10-01 00:00,2100-01-01 00:00,112.77600000000001
1037:AK:SNTL,Nuka Glacier,AK,SNTL,1230.0,59.69804,-150.71163,Kenai Peninsula,1989-10-01 00:00,2100-01-01 00:00,374.904
1301:AK:SNTL,Paradise Hill,AK,SNTL,2010.0,62.83329,-141.40918,Southeast Fairbanks,2021-07-21 00:00,2100-01-01 00:00,612.648
986:AK:SNTL,Pargon Creek,AK,SNTL,90.0,64.99619,-163.10514,Nome,1999-10-01 00:00,2100-01-01 00:00,27.432000000000002
1327:AK:SNTL,Pilgrim Hot Springs,AK,SNTL,20.0,65.09455,-164.92472,Nome,2024-07-27 00:00,2100-01-01 00:00,6.096
987:AK:SNTL,Port Graham,AK,SNTL,270.0,59.35065,-151.84768,Kenai Peninsula,1999-10-01 00:00,2100-01-01 00:00,82.296
1177:AK:SNTL,Prudhoe Bay,AK,SNTL,50.0,70.28062,-148.89778,North Slope,2002-10-01 00:00,2100-01-01 00:00,15.24
973:AK:SNTL,Rocky Point,AK,SNTL,180.0,64.54988,-163.48399,Nome,1999-09-30 00:00,2100-01-01 00:00,54.864000000000004
1183:AK:SNTL,Sagwon,AK,SNTL,1000.0,69.42417,-148.6925,North Slope,1982-10-01 00:00,2100-01-01 00:00,304.8
1330:AK:SNTL,Seven Mile,AK,SNTL,660.0,65.93772,-149.8631,Yukon-Koyukuk,2024-09-24 00:00,2100-01-01 00:00,201.168
1346:AK:SNTLT,Aleknagik,AK,SNTLT,190.0,59.27909,-158.58324,Dillingham,2026-02-18 00:00,2100-01-01 00:00,57.912000000000006
1264:AK:SNTLT,Horsepasture Pass,AK,SNTLT,4220.0,62.13501,-147.62282,Matanuska-Susitna,2014-10-01 00:00,2100-01-01 00:00,1286.256
1313:AK:SNTLT,Mount Ripinsky,AK,SNTLT,2580.0,59.2599,-135.49339,Haines,2022-08-23 00:00,2100-01-01 00:00,786.384
1279:AK:SNTLT,Nicks Valley,AK,SNTLT,4230.0,61.16371,-145.64092,Chugach,2016-10-04 00:00,2100-01-01 00:00,1289.304
1329:AK:SNTLT,Primrose,AK,SNTLT,2030.0,60.27814,-149.4152,Kenai Peninsula,2024-09-18 00:00,2100-01-01 00:00,618.744
AGP:CA:MSNT,Agnew Pass,CA,MSNT,9300.0,37.724,-119.143,Madera,1989-11-24 00:00,2100-01-01 00:00,2834.6400000000003
ALP:CA:MSNT,Alpha,CA,MSNT,7550.0,38.805,-120.215,El Dorado,1965-10-01 00:00,2100-01-01 00:00,2301.2400000000002
BCH:CA:MSNT,Beach Meadows,CA,MSNT,7750.0,36.127,-118.293,Tulare,1982-10-30 00:00,2100-01-01 00:00,2362.2000000000003
BFL:CA:MSNT,Big Flat,CA,MSNT,5030.0,41.08,-122.942,Trinity,1983-11-01 00:00,2100-01-01 00:00,1533.144
BIM:CA:MSNT,Big Meadows,CA,MSNT,7610.0,36.717,-118.842,Tulare,1980-02-01 00:00,2100-01-01 00:00,2319.5280000000002
BGP:CA:MSNT,Big Pine Creek,CA,MSNT,9650.0,37.128,-118.475,Inyo,1988-12-01 00:00,2100-01-01 00:00,2941.32
BSH:CA:MSNT,Bishop Pass,CA,MSNT,11220.0,37.1,-118.557,Fresno,1989-03-23 00:00,2100-01-01 00:00,3419.856
BLS:CA:MSNT,Black Springs,CA,MSNT,6430.0,38.375,-120.192,Calaveras,1977-11-21 00:00,2100-01-01 00:00,1959.864
BLA:CA:MSNT,Blacks Mountain,CA,MSNT,7060.0,40.77,-121.198,Lassen,1987-11-01 00:00,2100-01-01 00:00,2151.888
BLD:CA:MSNT,Bloods Creek,CA,MSNT,7230.0,38.45,-120.033,Alpine,1977-12-20 00:00,2100-01-01 00:00,2203.704
BLC2:CA:MSNT,Blue Canyon,CA,MSNT,5260.0,39.276,-120.708,Placer,1966-10-01 00:00,2100-01-01 00:00,1603.248
BNK:CA:MSNT,Bonanza King,CA,MSNT,6540.0,41.083,-122.628,Trinity,1982-09-18 00:00,2100-01-01 00:00,1993.392
BKL:CA:MSNT,Bucks Lake,CA,MSNT,5740.0,39.85,-121.242,Plumas,1969-10-01 00:00,2100-01-01 00:00,1749.5520000000001
CAP:CA:MSNT,Caples Lake,CA,MSNT,8000.0,38.71079,-120.04141,Alpine,1970-01-01 00:00,2100-01-01 00:00,2438.4
CSV:CA:MSNT,Casa Vieja Meadows,CA,MSNT,8350.0,36.2,-118.268,Tulare,1985-01-01 00:00,2100-01-01 00:00,2545.08
CHP:CA:MSNT,Chagoopa Plateau,CA,MSNT,10360.0,36.497,-118.442,Tulare,1984-01-01 00:00,2100-01-01 00:00,3157.728
CHM:CA:MSNT,Chilkoot Meadow,CA,MSNT,7240.0,37.41,-119.49,Madera,1985-10-21 00:00,2100-01-01 00:00,2206.752
CWD:CA:MSNT,Cottonwood Lakes,CA,MSNT,10180.0,36.483,-118.177,Inyo,1973-11-01 00:00,2100-01-01 00:00,3102.864
DAN:CA:MSNT,Dana Meadows,CA,MSNT,9810.0,37.897,-119.257,Tuolumne,1980-10-26 00:00,2100-01-01 00:00,2990.088
DDM:CA:MSNT,Deadman Creek,CA,MSNT,9310.0,38.332,-119.653,Tuolumne,1987-11-01 00:00,2100-01-01 00:00,2837.688
DPO:CA:MSNT,Devils Postpile,CA,MSNT,7550.0,37.629,-119.085,Madera,2007-10-01 00:00,2100-01-01 00:00,2301.2400000000002
FRW:CA:MSNT,Farewell Gap,CA,MSNT,10250.0,36.412,-118.583,Tulare,2000-10-21 00:00,2100-01-01 00:00,3124.2000000000003
FRN:CA:MSNT,Forni Ridge,CA,MSNT,7500.0,38.805,-120.213,El Dorado,1980-11-01 00:00,2100-01-01 00:00,2286.0
FOR:CA:MSNT,Four Trees,CA,MSNT,5170.0,39.813,-121.321,Plumas,1980-01-01 00:00,2100-01-01 00:00,1575.816
GEM:CA:MSNT,Gem Pass,CA,MSNT,10620.0,37.78,-119.17,Mono,1983-11-01 00:00,2100-01-01 00:00,3236.976
GNL:CA:MSNT,Gianelli Meadow,CA,MSNT,8400.0,38.205,-119.892,Tuolumne,1984-11-01 00:00,2100-01-01 00:00,2560.32
GNF:CA:MSNT,Giant Forest,CA,MSNT,6540.0,36.562,-118.765,Tulare,1970-01-01 00:00,2100-01-01 00:00,1993.392
GIN:CA:MSNT,Gin Flat,CA,MSNT,7030.0,37.767,-119.773,Tuolumne,1981-10-28 00:00,2100-01-01 00:00,2142.744
GOL:CA:MSNT,Gold Lake,CA,MSNT,6740.0,39.675,-120.615,Sierra,1969-10-01 00:00,2100-01-01 00:00,2054.3520000000003
GKS:CA:MSNT,Greek Store,CA,MSNT,5600.0,39.075,-120.558,Placer,1970-01-01 00:00,2100-01-01 00:00,1706.88
GRM:CA:MSNT,Green Mountain,CA,MSNT,7790.0,37.555,-119.238,Madera,1972-01-21 00:00,2100-01-01 00:00,2374.3920000000003
GRZ:CA:MSNT,Grizzly Ridge,CA,MSNT,6890.0,39.917,-120.645,Plumas,1969-10-01 00:00,2100-01-01 00:00,2100.072
HRK:CA:MSNT,Harkness Flat,CA,MSNT,6290.0,40.418,-121.275,Plumas,2006-10-01 00:00,2100-01-01 00:00,1917.192
HIG:CA:MSNT,Highland Lakes,CA,MSNT,5990.0,41.093,-122.483,Trinity,1984-10-28 00:00,2100-01-01 00:00,1825.7520000000002
HHM:CA:MSNT,Highland Meadow,CA,MSNT,8610.0,38.49,-119.805,Alpine,1989-10-21 00:00,2100-01-01 00:00,2624.328
HRS:CA:MSNT,Horse Meadow CDWR,CA,MSNT,8610.0,38.158,-119.662,Tuolumne,1984-11-01 00:00,2100-01-01 00:00,2624.328
HMB:CA:MSNT,Humbug,CA,MSNT,6500.0,40.115,-121.368,Plumas,1981-02-01 00:00,2100-01-01 00:00,1981.2
HNT:CA:MSNT,Huntington Lake,CA,MSNT,7000.0,37.228,-119.221,Fresno,1987-11-01 00:00,2100-01-01 00:00,2133.6
HYS:CA:MSNT,Huysink,CA,MSNT,6760.0,39.282,-120.527,Placer,1979-11-01 00:00,2100-01-01 00:00,2060.4480000000003
KSP:CA:MSNT,Kaiser Point,CA,MSNT,9330.0,37.3,-119.1,Fresno,1969-10-01 00:00,2100-01-01 00:00,2843.784
KTL:CA:MSNT,Kettle Rock,CA,MSNT,7270.0,40.14,-120.715,Plumas,1979-01-01 00:00,2100-01-01 00:00,2215.896
LOS:CA:MSNT,Lake Lois,CA,MSNT,8290.0,38.925,-120.197,El Dorado,1987-01-01 00:00,2100-01-01 00:00,2526.792
KIB:CA:MSNT,Lower Kibbie Ridge,CA,MSNT,6470.0,38.032,-119.877,Tuolumne,1983-11-01 00:00,2100-01-01 00:00,1972.056
LLP:CA:MSNT,Lower Lassen Peak,CA,MSNT,8220.0,40.468,-121.507,Shasta,2005-03-01 00:00,2100-01-01 00:00,2505.456
REL:CA:MSNT,Lower Relief Valley,CA,MSNT,8110.0,38.243,-119.758,Tuolumne,1985-01-01 00:00,2100-01-01 00:00,2471.9280000000003
MHP:CA:MSNT,Mammoth Pass,CA,MSNT,9400.0,37.61,-119.033,Mono,1990-01-01 00:00,2100-01-01 00:00,2865.1200000000003
MDW:CA:MSNT,Meadow Lake,CA,MSNT,7510.0,39.417,-120.508,Nevada,1997-09-01 00:00,2100-01-01 00:00,2289.0480000000002
MED:CA:MSNT,Medicine Lake,CA,MSNT,6720.0,41.587,-121.613,Siskiyou,1984-10-31 00:00,2100-01-01 00:00,2048.2560000000003
MB3:CA:MSNT,Middle Boulder 3,CA,MSNT,6050.0,41.225,-122.811,Siskiyou,1986-11-23 00:00,2100-01-01 00:00,1844.0400000000002
MTM:CA:MSNT,Mitchell Meadow,CA,MSNT,9870.0,36.737,-118.712,Tulare,1960-01-01 00:00,2100-01-01 00:00,3008.376
MUM:CA:MSNT,Mumbo Basin,CA,MSNT,5700.0,41.197,-122.523,Trinity,1984-10-28 00:00,2100-01-01 00:00,1737.3600000000001
NLS:CA:MSNT,Noel Spring,CA,MSNT,4950.0,39.538,-122.667,Glenn,1997-01-23 00:00,2100-01-01 00:00,1508.76
STR:CA:MSNT,Ostrander Lake,CA,MSNT,8150.0,37.637,-119.55,Mariposa,1988-12-01 00:00,2100-01-01 00:00,2484.1200000000003
PDS:CA:MSNT,Paradise Meadow,CA,MSNT,7680.0,38.047,-119.67,Tuolumne,1980-11-01 00:00,2100-01-01 00:00,2340.864
PSC:CA:MSNT,Pascoes,CA,MSNT,9610.0,35.967,-118.35,Tulare,1971-11-01 00:00,2100-01-01 00:00,2929.128
PET:CA:MSNT,Peterson Flat,CA,MSNT,6860.0,41.302,-122.528,Trinity,1983-11-01 00:00,2100-01-01 00:00,2090.928
PLP:CA:MSNT,Pilot Peak,CA,MSNT,6780.0,39.786,-120.875,Plumas,1978-12-04 00:00,2100-01-01 00:00,2066.5440000000003
PSR:CA:MSNT,Poison Ridge,CA,MSNT,6970.0,37.403,-119.52,Madera,1969-10-01 00:00,2100-01-01 00:00,2124.456
QUA:CA:MSNT,Quaking Aspen,CA,MSNT,7040.0,36.122,-118.545,Tulare,1981-11-01 00:00,2100-01-01 00:00,2145.792
RTL:CA:MSNT,Rattlesnake,CA,MSNT,6010.0,40.125,-121.043,Plumas,1981-01-01 00:00,2100-01-01 00:00,1831.8480000000002
RRM:CA:MSNT,Red Rock Mountain,CA,MSNT,6440.0,41.023,-122.885,Trinity,1986-12-01 00:00,2100-01-01 00:00,1962.912
BLC:CA:MSNT,Robbs Powerhouse,CA,MSNT,5310.0,38.903,-120.375,El Dorado,1970-01-01 00:00,2100-01-01 00:00,1618.488
RBB:CA:MSNT,Robbs Saddle,CA,MSNT,5940.0,38.912,-120.378,El Dorado,1972-01-01 00:00,2100-01-01 00:00,1810.5120000000002
RCC:CA:MSNT,Robinson Cow Camp,CA,MSNT,6610.0,39.623,-120.678,Sierra,2007-12-01 00:00,2100-01-01 00:00,2014.728
RCK:CA:MSNT,Rock Creek Lakes,CA,MSNT,9720.0,37.458,-118.735,Inyo,1984-11-28 00:00,2100-01-01 00:00,2962.656
SDF:CA:MSNT,Sand Flat,CA,MSNT,6740.0,41.35,-122.246,Siskiyou,1983-10-01 00:00,2100-01-01 00:00,2054.3520000000003
SWM:CA:MSNT,Sawmill,CA,MSNT,10260.0,37.162,-118.562,Inyo,1988-08-23 00:00,2100-01-01 00:00,3127.248
SCN:CA:MSNT,Schneiders,CA,MSNT,8750.0,38.747,-120.068,El Dorado,1972-01-01 00:00,2100-01-01 00:00,2667.0
SCT:CA:MSNT,Scott Mountain,CA,MSNT,5950.0,41.272,-122.718,Siskiyou,1985-11-01 00:00,2100-01-01 00:00,1813.5600000000002
SHM:CA:MSNT,Shimmy Lake,CA,MSNT,6220.0,41.008,-122.8,Trinity,1985-11-01 00:00,2100-01-01 00:00,1895.856
SIL:CA:MSNT,Silver Lake,CA,MSNT,7140.0,38.678,-120.118,El Dorado,1986-12-31 00:00,2100-01-01 00:00,2176.272
SLT:CA:MSNT,Slate Creek,CA,MSNT,5700.0,41.045,-122.478,Shasta,1982-11-18 00:00,2100-01-01 00:00,1737.3600000000001
SLI:CA:MSNT,Slide Canyon,CA,MSNT,9280.0,38.092,-119.43,Tuolumne,1982-10-21 00:00,2100-01-01 00:00,2828.5440000000003
2235:CA:SCAN,Adobe,CA,SCAN,6500.0,37.97787,-118.68626,Mono,2023-09-27 00:00,2100-01-01 00:00,1981.2
2237:CA:SCAN,Alabama Hills,CA,SCAN,5240.0,36.56295,-118.13562,Inyo,2023-09-28 00:00,2100-01-01 00:00,1597.152
2214:CA:SCAN,Ash Valley,CA,SCAN,5100.0,41.05204,-120.6872,Lassen,2014-10-23 00:00,2100-01-01 00:00,1554.48
2215:CA:SCAN,Bodie Hills,CA,SCAN,7840.0,38.26477,-119.12645,Mono,2014-10-24 00:00,2100-01-01 00:00,2389.632
2240:CA:SCAN,Chimney Creek,CA,SCAN,5680.0,35.83799,-118.03377,Tulare,2024-09-25 00:00,2100-01-01 00:00,1731.2640000000001
2189:CA:SCAN,Cochora Ranch,CA,SCAN,2670.0,35.11807,-119.59608,San Luis Obispo,2012-06-07 00:00,2100-01-01 00:00,813.816
2190:CA:SCAN,Death Valley Jct,CA,SCAN,2080.0,36.32502,-116.35132,Inyo,2012-06-08 00:00,2100-01-01 00:00,633.984
2187:CA:SCAN,Deep Springs,CA,SCAN,5390.0,37.37222,-117.97383,Inyo,2011-11-21 00:00,2100-01-01 00:00,1642.872
2183:CA:SCAN,Desert Center,CA,SCAN,550.0,33.80208,-115.30505,Riverside,2011-11-16 00:00,2100-01-01 00:00,167.64000000000001
2191:CA:SCAN,Doe Ridge,CA,SCAN,7340.0,37.63423,-118.82643,Mono,2012-06-10 00:00,2100-01-01 00:00,2237.232
2192:CA:SCAN,Eagle Lake,CA,SCAN,5160.0,40.6175,-120.72472,Lassen,2012-06-12 00:00,2100-01-01 00:00,1572.768
2185:CA:SCAN,Essex,CA,SCAN,2650.0,34.67235,-115.16693,San Bernardino,2011-11-19 00:00,2100-01-01 00:00,807.72
2184:CA:SCAN,Ford Dry Lake,CA,SCAN,380.0,33.6547,-115.09763,Riverside,2011-11-16 13:00,2100-01-01 00:00,115.82400000000001
2218:CA:SCAN,French Gulch,CA,SCAN,3760.0,40.79361,-122.55083,Shasta,2014-10-22 00:00,2100-01-01 00:00,1146.048
2149:CA:SCAN,Marble Creek,CA,SCAN,6180.0,37.77767,-118.4209,Mono,2009-05-06 00:00,2100-01-01 00:00,1883.664
2217:CA:SCAN,Monocline Ridge,CA,SCAN,890.0,36.54417,-120.55463,Fresno,2014-10-29 00:00,2100-01-01 00:00,271.272
2236:CA:SCAN,Rancheria,CA,SCAN,7190.0,38.07666,-119.11417,Mono,2023-09-26 00:00,2100-01-01 00:00,2191.512
2186:CA:SCAN,Shadow Mtns,CA,SCAN,3580.0,35.46607,-115.7151,San Bernardino,2011-11-18 00:00,2100-01-01 00:00,1091.184
301:CA:SNTL,Adin Mtn,CA,SNTL,6170.0,41.23583,-120.79192,Modoc,1983-10-01 00:00,2100-01-01 00:00,1880.616
356:CA:SNTL,Blue Lakes,CA,SNTL,8060.0,38.60801,-119.92455,Alpine,1980-10-01 00:00,2100-01-01 00:00,2456.688
1051:CA:SNTL,Burnside Lake,CA,SNTL,8180.0,38.71943,-119.8942,Alpine,2003-10-01 00:00,2100-01-01 00:00,2493.264
1067:CA:SNTL,Carson Pass,CA,SNTL,8360.0,38.6927,-120.0022,Alpine,2004-10-01 00:00,2100-01-01 00:00,2548.128
391:CA:SNTL,Cedar Pass,CA,SNTL,7060.0,41.58216,-120.30253,Modoc,1977-10-01 00:00,2100-01-01 00:00,2151.888
977:CA:SNTL,Crowder Flat,CA,SNTL,5180.0,41.89318,-120.75202,Modoc,1999-10-01 00:00,2100-01-01 00:00,1578.864
428:CA:SNTL,Css Lab,CA,SNTL,6890.0,39.32565,-120.36807,Nevada,1980-10-01 00:00,2100-01-01 00:00,2100.072
446:CA:SNTL,Dismal Swamp,CA,SNTL,7370.0,41.99127,-120.18033,Modoc,1979-10-01 00:00,2100-01-01 00:00,2246.376
462:CA:SNTL,Ebbetts Pass,CA,SNTL,8660.0,38.5497,-119.80468,Alpine,1978-10-01 00:00,2100-01-01 00:00,2639.568
463:CA:SNTL,Echo Peak,CA,SNTL,7650.0,38.849,-120.0795,El Dorado,1980-10-01 00:00,2100-01-01 00:00,2331.7200000000003
473:CA:SNTL,Fallen Leaf,CA,SNTL,6250.0,38.93403,-120.0545,El Dorado,1979-10-01 00:00,2100-01-01 00:00,1905.0
1049:CA:SNTL,Forestdale Creek,CA,SNTL,8050.0,38.68245,-119.9597,Alpine,2003-10-01 00:00,2100-01-01 00:00,2453.6400000000003
1277:CA:SNTL,Fredonyer Peak,CA,SNTL,7220.0,40.68799,-120.60805,Lassen,2016-10-07 00:00,2100-01-01 00:00,2200.656
508:CA:SNTL,Hagans Meadow,CA,SNTL,7740.0,38.8519,-119.9374,El Dorado,1978-10-01 00:00,2100-01-01 00:00,2359.152
518:CA:SNTL,Heavenly Valley,CA,SNTL,8540.0,38.92431,-119.91641,El Dorado,1978-10-01 00:00,2100-01-01 00:00,2602.992
1050:CA:SNTL,Horse Meadow,CA,SNTL,8580.0,38.83652,-119.88732,Alpine,2003-10-10 00:00,2100-01-01 00:00,2615.184
539:CA:SNTL,Independence Camp,CA,SNTL,6970.0,39.45269,-120.29367,Sierra,1978-10-01 00:00,2100-01-01 00:00,2124.456
540:CA:SNTL,Independence Creek,CA,SNTL,6440.0,39.49001,-120.28226,Sierra,1980-10-01 00:00,2100-01-01 00:00,1962.912
541:CA:SNTL,Independence Lake,CA,SNTL,8340.0,39.42752,-120.31342,Nevada,1978-10-01 00:00,2100-01-01 00:00,2542.032
574:CA:SNTL,Leavitt Lake,CA,SNTL,9600.0,38.27594,-119.61281,Mono,1989-10-01 00:00,2100-01-01 00:00,2926.08
575:CA:SNTL,Leavitt Meadows,CA,SNTL,7200.0,38.30367,-119.55111,Mono,1980-10-01 00:00,2100-01-01 00:00,2194.56
587:CA:SNTL,Lobdell Lake,CA,SNTL,9260.0,38.43745,-119.36572,Mono,1978-10-01 00:00,2100-01-01 00:00,2822.4480000000003
1331:CA:SNTL,Lost Lakes,CA,SNTL,8640.0,38.64745,-119.95141,Alpine,2024-09-16 00:00,2100-01-01 00:00,2633.472
633:CA:SNTL,Monitor Pass,CA,SNTL,8320.0,38.6683,-119.6087,Alpine,1990-10-01 00:00,2100-01-01 00:00,2535.936
784:CA:SNTL,Palisades Tahoe,CA,SNTL,8010.0,39.18986,-120.26576,Placer,1979-10-01 00:00,2100-01-01 00:00,2441.4480000000003
697:CA:SNTL,Poison Flat,CA,SNTL,7730.0,38.50576,-119.62624,Alpine,1980-10-01 00:00,2100-01-01 00:00,2356.1040000000003
724:CA:SNTL,Rubicon #2,CA,SNTL,7560.0,38.99927,-120.13139,El Dorado,1980-10-01 00:00,2100-01-01 00:00,2304.288
1239:CA:SNTLT,Althouse,CA,SNTLT,4980.0,41.99617,-123.547,Del Norte,2013-06-25 00:00,2100-01-01 00:00,1517.904
2197:CO:SCAN,CPER,CO,SCAN,5340.0,40.8228,-104.71068,Weld,2013-09-12 00:00,2100-01-01 00:00,1627.632
2017:CO:SCAN,Nunn #1,CO,SCAN,5470.0,40.85989,-104.74033,Weld,1993-10-20 00:00,2100-01-01 00:00,1667.256
1344:CO:SNTL,Alta Lakes,CO,SNTL,11290.0,37.88929,-107.84484,San Miguel,2025-09-25 00:00,2100-01-01 00:00,3441.192
303:CO:SNTL,Apishapa,CO,SNTL,10000.0,37.33067,-105.06766,Huerfano,1979-10-01 00:00,2100-01-01 00:00,3048.0
1030:CO:SNTL,Arapaho Ridge,CO,SNTL,10960.0,40.35098,-106.38141,Grand,2002-08-01 00:00,2100-01-01 00:00,3340.608
322:CO:SNTL,Bear Lake,CO,SNTL,9490.0,40.31176,-105.6467,Larimer,1979-10-01 00:00,2100-01-01 00:00,2892.552
1061:CO:SNTL,Bear River,CO,SNTL,9100.0,40.06152,-107.00948,Routt,2004-10-01 00:00,2100-01-01 00:00,2773.6800000000003
327:CO:SNTL,Beartown,CO,SNTL,11580.0,37.71433,-107.5124,San Juan,1979-10-01 00:00,2100-01-01 00:00,3529.5840000000003
1041:CO:SNTL,Beaver Ck Village,CO,SNTL,8530.0,39.59871,-106.51113,Eagle,2002-11-01 00:00,2100-01-01 00:00,2599.944
335:CO:SNTL,Berthoud Summit,CO,SNTL,11300.0,39.80364,-105.77786,Grand,1963-09-01 00:00,2100-01-01 00:00,3444.2400000000002
345:CO:SNTL,Bison Lake,CO,SNTL,10950.0,39.76458,-107.35628,Garfield,1985-09-30 00:00,2100-01-01 00:00,3337.56
1185:CO:SNTL,Black Mesa,CO,SNTL,11580.0,37.78968,-108.18376,Dolores,2011-07-28 00:00,2100-01-01 00:00,3529.5840000000003
1161:CO:SNTL,Black Mountain,CO,SNTL,8940.0,40.8879,-105.66404,Larimer,2010-10-01 00:00,2100-01-01 00:00,2724.9120000000003
369:CO:SNTL,Brumley,CO,SNTL,10570.0,39.08758,-106.54231,Lake,1979-10-01 00:00,2100-01-01 00:00,3221.7360000000003
938:CO:SNTL,Buckskin Joe,CO,SNTL,11160.0,39.30378,-106.11316,Park,1998-08-10 00:00,2100-01-01 00:00,3401.568
913:CO:SNTL,Buffalo Park,CO,SNTL,9240.0,40.22838,-106.5962,Grand,1995-09-01 00:00,2100-01-01 00:00,2816.3520000000003
378:CO:SNTL,Burro Mountain,CO,SNTL,9290.0,39.87504,-107.59902,Rio Blanco,1978-10-01 00:00,2100-01-01 00:00,2831.592
380:CO:SNTL,Butte,CO,SNTL,10190.0,38.89435,-106.95327,Gunnison,1979-10-01 00:00,2100-01-01 00:00,3105.9120000000003
387:CO:SNTL,Cascade #2,CO,SNTL,8990.0,37.65751,-107.80287,San Juan,1990-09-30 00:00,2100-01-01 00:00,2740.152
1326:CO:SNTL,Castle Peak,CO,SNTL,11510.0,39.00074,-106.83912,Pitkin,2024-09-18 00:00,2100-01-01 00:00,3508.248
1101:CO:SNTL,Chapman Tunnel,CO,SNTL,10090.0,39.2621,-106.62944,Pitkin,2007-09-01 00:00,2100-01-01 00:00,3075.4320000000002
1059:CO:SNTL,Cochetopa Pass,CO,SNTL,10020.0,38.16273,-106.5988,Saguache,2004-09-01 00:00,2100-01-01 00:00,3054.096
408:CO:SNTL,Columbine,CO,SNTL,9170.0,40.39591,-106.60437,Jackson,1978-10-01 00:00,2100-01-01 00:00,2795.016
409:CO:SNTL,Columbine Pass,CO,SNTL,9160.0,38.41819,-108.38313,Montrose,1985-10-01 00:00,2100-01-01 00:00,2791.9680000000003
904:CO:SNTL,Columbus Basin,CO,SNTL,10780.0,37.44146,-108.02468,La Plata,1994-08-30 00:00,2100-01-01 00:00,3285.744
412:CO:SNTL,Copeland Lake,CO,SNTL,8570.0,40.20733,-105.5695,Boulder,1979-10-01 00:00,2100-01-01 00:00,2612.136
415:CO:SNTL,Copper Mountain,CO,SNTL,10500.0,39.48917,-106.17154,Summit,1978-10-01 00:00,2100-01-01 00:00,3200.4
426:CO:SNTL,Crosho,CO,SNTL,8960.0,40.16749,-107.05769,Rio Blanco,1985-10-01 00:00,2100-01-01 00:00,2731.0080000000003
430:CO:SNTL,Culebra #2,CO,SNTL,10560.0,37.20939,-105.19988,Costilla,1978-10-01 00:00,2100-01-01 00:00,3218.688
431:CO:SNTL,Cumbres Trestle,CO,SNTL,10030.0,37.01877,-106.45275,Conejos,1979-10-01 00:00,2100-01-01 00:00,3057.1440000000002
438:CO:SNTL,Deadman Hill,CO,SNTL,10240.0,40.80572,-105.77018,Larimer,1978-10-01 00:00,2100-01-01 00:00,3121.152
457:CO:SNTL,Dry Lake,CO,SNTL,8240.0,40.5337,-106.7814,Routt,1979-10-01 00:00,2100-01-01 00:00,2511.552
936:CO:SNTL,Echo Lake,CO,SNTL,10660.0,39.65539,-105.59358,Clear Creek,1998-08-10 00:00,2100-01-01 00:00,3249.168
465:CO:SNTL,El Diente Peak,CO,SNTL,10210.0,37.78607,-108.02235,Dolores,1985-10-01 00:00,2100-01-01 00:00,3112.0080000000003
467:CO:SNTL,Elk River,CO,SNTL,8710.0,40.84758,-106.96861,Routt,1978-10-01 00:00,2100-01-01 00:00,2654.808
1252:CO:SNTL,Elkhead Divide,CO,SNTL,8780.0,40.79637,-107.10113,Routt,2016-09-01 00:00,2100-01-01 00:00,2676.1440000000002
1120:CO:SNTL,Elliot Ridge,CO,SNTL,10550.0,39.8638,-106.42473,Summit,2009-08-07 00:00,2100-01-01 00:00,3215.6400000000003
1325:CO:SNTL,Elwood Pass,CO,SNTL,11680.0,37.40563,-106.64136,Rio Grande,2024-08-26 00:00,2100-01-01 00:00,3560.0640000000003
485:CO:SNTL,Fremont Pass,CO,SNTL,11310.0,39.38014,-106.19784,Summit,1979-10-01 00:00,2100-01-01 00:00,3447.288
1057:CO:SNTL,Glen Cove,CO,SNTL,11410.0,38.87602,-105.07605,Teller,2004-08-01 00:00,2100-01-01 00:00,3477.768
1058:CO:SNTL,Grayback,CO,SNTL,11620.0,37.47051,-106.5379,Rio Grande,2004-09-01 00:00,2100-01-01 00:00,3541.7760000000003
505:CO:SNTL,Grizzly Peak,CO,SNTL,11110.0,39.64646,-105.8694,Summit,1979-10-01 00:00,2100-01-01 00:00,3386.328
1102:CO:SNTL,Hayden Pass,CO,SNTL,10700.0,38.29303,-105.85027,Saguache,2007-08-28 00:00,2100-01-01 00:00,3261.36
1187:CO:SNTL,High Lonesome,CO,SNTL,10630.0,40.0359,-105.75472,Grand,2011-07-28 00:00,2100-01-01 00:00,3240.0240000000003
531:CO:SNTL,Hoosier Pass,CO,SNTL,11600.0,39.36092,-106.05999,Summit,1979-10-01 00:00,2100-01-01 00:00,3535.6800000000003
1122:CO:SNTL,Hourglass Lake,CO,SNTL,9380.0,40.57717,-105.62584,Larimer,2008-10-01 00:00,2100-01-01 00:00,2859.0240000000003
538:CO:SNTL,Idarado,CO,SNTL,9780.0,37.93389,-107.6762,Ouray,1979-10-01 00:00,2100-01-01 00:00,2980.944
542:CO:SNTL,Independence Pass,CO,SNTL,10570.0,39.07543,-106.61154,Pitkin,1979-10-01 00:00,2100-01-01 00:00,3221.7360000000003
547:CO:SNTL,Ivanhoe,CO,SNTL,10540.0,39.29228,-106.54907,Pitkin,1991-10-01 00:00,2100-01-01 00:00,3212.592
935:CO:SNTL,Jackwhacker Gulch,CO,SNTL,11030.0,39.57096,-105.80355,Clear Creek,1998-08-01 00:00,2100-01-01 00:00,3361.944
551:CO:SNTL,Joe Wright,CO,SNTL,10140.0,40.53285,-105.88747,Larimer,1978-10-01 00:00,2100-01-01 00:00,3090.672
970:CO:SNTL,Jones Pass,CO,SNTL,10430.0,39.7645,-105.90655,Grand,1999-09-30 00:00,2100-01-01 00:00,3179.0640000000003
556:CO:SNTL,Kiln,CO,SNTL,9610.0,39.3172,-106.61501,Pitkin,1979-10-01 00:00,2100-01-01 00:00,2929.128
564:CO:SNTL,Lake Eldora,CO,SNTL,9700.0,39.93659,-105.59031,Boulder,1978-10-01 00:00,2100-01-01 00:00,2956.56
565:CO:SNTL,Lake Irene,CO,SNTL,10680.0,40.41446,-105.81941,Grand,1978-10-01 00:00,2100-01-01 00:00,3255.264
580:CO:SNTL,Lily Pond,CO,SNTL,11070.0,37.38028,-106.54823,Conejos,1979-10-01 00:00,2100-01-01 00:00,3374.136
586:CO:SNTL,Lizard Head Pass,CO,SNTL,10190.0,37.79895,-107.92475,Dolores,1979-10-01 00:00,2100-01-01 00:00,3105.9120000000003
589:CO:SNTL,Lone Cone,CO,SNTL,9730.0,37.89169,-108.19636,San Miguel,1979-10-01 00:00,2100-01-01 00:00,2965.704
1123:CO:SNTL,Long Draw Resv,CO,SNTL,9980.0,40.51154,-105.7654,Larimer,2008-10-16 00:00,2100-01-01 00:00,3041.904
940:CO:SNTL,Lost Dog,CO,SNTL,9350.0,40.81557,-106.74833,Routt,1998-08-01 00:00,2100-01-01 00:00,2849.88
602:CO:SNTL,Loveland Basin,CO,SNTL,11410.0,39.67428,-105.90264,Clear Creek,1991-10-01 00:00,2100-01-01 00:00,3477.768
607:CO:SNTL,Lynx Pass,CO,SNTL,8910.0,40.07832,-106.67095,Routt,1979-10-01 00:00,2100-01-01 00:00,2715.768
905:CO:SNTL,Mancos,CO,SNTL,10020.0,37.43109,-108.17005,Montezuma,1994-08-30 00:00,2100-01-01 00:00,3054.096
618:CO:SNTL,Mc Clure Pass,CO,SNTL,8760.0,39.12899,-107.28834,Gunnison,1979-10-01 00:00,2100-01-01 00:00,2670.0480000000002
1040:CO:SNTL,Mccoy Park,CO,SNTL,9500.0,39.60231,-106.544,Eagle,2002-10-01 00:00,2100-01-01 00:00,2895.6000000000004
914:CO:SNTL,Medano Pass,CO,SNTL,9650.0,37.85192,-105.43666,Saguache,1995-10-01 00:00,2100-01-01 00:00,2941.32
622:CO:SNTL,Mesa Lakes,CO,SNTL,10160.0,39.05738,-108.05756,Mesa,1985-10-01 00:00,2100-01-01 00:00,3096.768
937:CO:SNTL,Michigan Creek,CO,SNTL,10700.0,39.43579,-105.91072,Park,1998-08-10 00:00,2100-01-01 00:00,3261.36
624:CO:SNTL,Middle Creek,CO,SNTL,11260.0,37.61779,-107.03932,Mineral,1979-10-01 00:00,2100-01-01 00:00,3432.0480000000002
1014:CO:SNTL,Middle Fork Camp,CO,SNTL,8960.0,39.79565,-106.02802,Grand,2001-09-19 00:00,2100-01-01 00:00,2731.0080000000003
629:CO:SNTL,Mineral Creek,CO,SNTL,10030.0,37.84737,-107.72657,San Juan,1978-10-01 00:00,2100-01-01 00:00,3057.1440000000002
632:CO:SNTL,Molas Lake,CO,SNTL,10610.0,37.74929,-107.68933,San Juan,1985-10-01 00:00,2100-01-01 00:00,3233.9280000000003
1124:CO:SNTL,Moon Pass,CO,SNTL,11110.0,37.96627,-106.55857,Saguache,2008-10-01 00:00,2100-01-01 00:00,3386.328
658:CO:SNTL,Nast Lake,CO,SNTL,8710.0,39.29695,-106.60786,Pitkin,1985-10-01 00:00,2100-01-01 00:00,2654.808
1031:CO:SNTL,Never Summer,CO,SNTL,10300.0,40.40392,-105.95567,Jackson,2002-09-01 00:00,2100-01-01 00:00,3139.44
663:CO:SNTL,Niwot,CO,SNTL,9940.0,40.03581,-105.5452,Boulder,1979-10-01 00:00,2100-01-01 00:00,3029.712
669:CO:SNTL,North Lost Trail,CO,SNTL,9190.0,39.07818,-107.14388,Gunnison,1984-10-01 00:00,2100-01-01 00:00,2801.112
675:CO:SNTL,Overland Res.,CO,SNTL,9890.0,39.09035,-107.63583,Delta,1988-10-01 00:00,2100-01-01 00:00,3014.472
680:CO:SNTL,Park Cone,CO,SNTL,9600.0,38.81982,-106.58962,Gunnison,1979-10-01 00:00,2100-01-01 00:00,2926.08
682:CO:SNTL,Park Reservoir,CO,SNTL,9990.0,39.04433,-107.87951,Delta,1978-10-01 00:00,2100-01-01 00:00,3044.952
688:CO:SNTL,Phantom Valley,CO,SNTL,9030.0,40.39803,-105.84606,Grand,1979-10-01 00:00,2100-01-01 00:00,2752.344
701:CO:SNTL,Porphyry Creek,CO,SNTL,10790.0,38.48864,-106.33967,Gunnison,1978-10-01 00:00,2100-01-01 00:00,3288.7920000000004
709:CO:SNTL,Rabbit Ears,CO,SNTL,9390.0,40.36735,-106.74118,Routt,1985-10-01 00:00,2100-01-01 00:00,2862.072
1324:CO:SNTL,Rat Creek,CO,SNTL,11680.0,37.93571,-106.98192,Mineral,2024-08-26 00:00,2100-01-01 00:00,3560.0640000000003
1032:CO:SNTL,Rawah,CO,SNTL,9100.0,40.70794,-106.00727,Jackson,2002-09-01 00:00,2100-01-01 00:00,2773.6800000000003
713:CO:SNTL,Red Mountain Pass,CO,SNTL,11060.0,37.89168,-107.71389,San Juan,1979-10-01 00:00,2100-01-01 00:00,3371.088
717:CO:SNTL,Ripple Creek,CO,SNTL,10340.0,40.10844,-107.29383,Rio Blanco,1985-10-01 00:00,2100-01-01 00:00,3151.632
718:CO:SNTL,Roach,CO,SNTL,9710.0,40.87498,-106.04675,Larimer,1979-10-01 00:00,2100-01-01 00:00,2959.608
939:CO:SNTL,Rough And Tumble,CO,SNTL,10420.0,39.02611,-106.08063,Park,1998-08-10 00:00,2100-01-01 00:00,3176.016
1100:CO:SNTL,Saint Elmo,CO,SNTL,10420.0,38.69985,-106.36805,Chaffee,2007-08-30 00:00,2100-01-01 00:00,3176.016
1128:CO:SNTL,Sargents Mesa,CO,SNTL,11490.0,38.2856,-106.37085,Saguache,2008-10-01 00:00,2100-01-01 00:00,3502.152
1251:CO:SNTL,Sawtooth,CO,SNTL,9640.0,40.13632,-105.58486,Boulder,2014-09-23 00:00,2100-01-01 00:00,2938.272
737:CO:SNTL,Schofield Pass,CO,SNTL,10640.0,39.01467,-107.04933,Gunnison,1984-10-01 00:00,2100-01-01 00:00,3243.072
739:CO:SNTL,Scotch Creek,CO,SNTL,9160.0,37.64562,-108.00833,Dolores,1985-10-01 00:00,2100-01-01 00:00,2791.9680000000003
1060:CO:SNTL,Sharkstooth,CO,SNTL,10730.0,37.50356,-108.11405,Montezuma,2004-10-01 00:00,2100-01-01 00:00,3270.5040000000004
1281:CO:SNTLT,Cottonwood Pass,CO,SNTLT,11670.0,38.83416,-106.42116,Gunnison,2021-09-17 00:00,2100-01-01 00:00,3557.016
2148:ID:SCAN,Jordan Valley Cwma,ID,SCAN,4500.0,42.94863,-117.0106,Owyhee,2008-12-10 00:00,2100-01-01 00:00,1371.6000000000001
674:ID:SCAN,Orchard Range Site,ID,SCAN,3190.0,43.32268,-115.99643,Ada,1983-10-01 00:00,2100-01-01 00:00,972.312
306:ID:SNTL,Atlanta Summit,ID,SNTL,7570.0,43.7569,-115.23907,Elmore,1978-10-01 00:00,2100-01-01 00:00,2307.3360000000002
312:ID:SNTL,Banner Summit,ID,SNTL,7040.0,44.30342,-115.23447,Boise,1979-10-01 00:00,2100-01-01 00:00,2145.792
319:ID:SNTL,Bear Basin,ID,SNTL,5350.0,44.95222,-116.14293,Adams,1979-10-01 00:00,2100-01-01 00:00,1630.68
320:ID:SNTL,Bear Canyon,ID,SNTL,7920.0,43.74367,-113.93797,Custer,1979-10-01 00:00,2100-01-01 00:00,2414.016
323:ID:SNTL,Bear Mountain,ID,SNTL,5460.0,48.30583,-116.07444,Bonner,1979-10-01 00:00,2100-01-01 00:00,1664.208
324:ID:SNTL,Bear Saddle,ID,SNTL,6170.0,44.60533,-116.98097,Washington,1979-10-01 00:00,2100-01-01 00:00,1880.616
338:ID:SNTL,Big Creek Summit,ID,SNTL,6550.0,44.62621,-115.79561,Valley,1979-10-01 00:00,2100-01-01 00:00,1996.44
978:ID:SNTL,Bogus Basin,ID,SNTL,6370.0,43.76377,-116.09685,Boise,1999-09-21 00:00,2100-01-01 00:00,1941.576
359:ID:SNTL,Bostetter R.S.,ID,SNTL,7530.0,42.16442,-114.19272,Cassia,1979-10-01 00:00,2100-01-01 00:00,2295.1440000000002
370:ID:SNTL,Brundage Reservoir,ID,SNTL,6280.0,45.04315,-116.13253,Adams,1985-10-01 00:00,2100-01-01 00:00,1914.144
382:ID:SNTL,Camas Creek Divide,ID,SNTL,5720.0,43.26548,-115.3453,Elmore,1991-10-01 00:00,2100-01-01 00:00,1743.4560000000001
895:ID:SNTL,Chocolate Gulch,ID,SNTL,6310.0,43.7685,-114.41812,Blaine,1992-10-01 00:00,2100-01-01 00:00,1923.288
411:ID:SNTL,Cool Creek,ID,SNTL,6320.0,46.76361,-115.29528,Clearwater,1983-10-01 00:00,2100-01-01 00:00,1926.336
1306:ID:SNTL,Couch Summit,ID,SNTL,6780.0,43.51762,-114.80214,Camas,2021-10-07 00:00,2100-01-01 00:00,2066.5440000000003
423:ID:SNTL,Cozy Cove,ID,SNTL,5410.0,44.28846,-115.65508,Valley,1978-10-01 00:00,2100-01-01 00:00,1648.968
424:ID:SNTL,Crab Creek,ID,SNTL,6870.0,44.437,-111.99384,Clark,1979-10-01 00:00,2100-01-01 00:00,2093.976
425:ID:SNTL,Crater Meadows,ID,SNTL,5960.0,46.56394,-115.28903,Clearwater,1983-10-01 00:00,2100-01-01 00:00,1816.6080000000002
439:ID:SNTL,Deadwood Summit,ID,SNTL,6990.0,44.54492,-115.56386,Valley,1978-10-01 00:00,2100-01-01 00:00,2130.552
450:ID:SNTL,Dollarhide Summit,ID,SNTL,8390.0,43.6025,-114.67417,Blaine,1979-10-01 00:00,2100-01-01 00:00,2557.272
466:ID:SNTL,Elk Butte,ID,SNTL,5680.0,46.83998,-116.12233,Clearwater,1982-10-01 00:00,2100-01-01 00:00,1731.2640000000001
471:ID:SNTL,Emigrant Summit,ID,SNTL,7390.0,42.36055,-111.56085,Bear Lake,1979-10-01 00:00,2100-01-01 00:00,2252.472
1305:ID:SNTL,Fish Ck,ID,SNTL,6380.0,43.55545,-113.71931,Blaine,2021-09-29 00:00,2100-01-01 00:00,1944.624
484:ID:SNTL,Franklin Basin,ID,SNTL,8140.0,42.0505,-111.6012,Franklin,1978-10-01 00:00,2100-01-01 00:00,2481.072
489:ID:SNTL,Galena,ID,SNTL,7470.0,43.87722,-114.6725,Blaine,1979-10-01 00:00,2100-01-01 00:00,2276.856
490:ID:SNTL,Galena Summit,ID,SNTL,8790.0,43.87497,-114.71363,Blaine,1978-10-01 00:00,2100-01-01 00:00,2679.192
492:ID:SNTL,Garfield R.S.,ID,SNTL,6580.0,43.6104,-113.9308,Blaine,1979-10-01 00:00,2100-01-01 00:00,2005.584
493:ID:SNTL,Giveout,ID,SNTL,6940.0,42.4132,-111.1663,Bear Lake,1979-10-01 00:00,2100-01-01 00:00,2115.312
496:ID:SNTL,Graham Guard Sta.,ID,SNTL,5690.0,43.9538,-115.27387,Elmore,1978-10-01 00:00,2100-01-01 00:00,1734.3120000000001
520:ID:SNTL,Hemlock Butte,ID,SNTL,5800.0,46.48111,-115.63361,Clearwater,1982-10-01 00:00,2100-01-01 00:00,1767.8400000000001
988:ID:SNTL,Hidden Lake,ID,SNTL,5000.0,48.89368,-116.75743,Boundary,2000-09-20 00:00,2100-01-01 00:00,1524.0
524:ID:SNTL,Hilts Creek,ID,SNTL,8090.0,44.01896,-113.47242,Custer,1979-10-01 00:00,2100-01-01 00:00,2465.8320000000003
534:ID:SNTL,Howell Canyon,ID,SNTL,8010.0,42.32029,-113.61587,Cassia,1978-10-01 00:00,2100-01-01 00:00,2441.4480000000003
535:ID:SNTL,Humboldt Gulch,ID,SNTL,4260.0,47.53178,-115.77643,Shoshone,1978-10-01 00:00,2100-01-01 00:00,1298.448
537:ID:SNTL,Hyndman,ID,SNTL,7590.0,43.71077,-114.15894,Blaine,1979-10-01 00:00,2100-01-01 00:00,2313.4320000000002
546:ID:SNTL,Island Park,ID,SNTL,6300.0,44.4203,-111.38512,Fremont,1979-10-01 00:00,2100-01-01 00:00,1920.24
550:ID:SNTL,Jackson Peak,ID,SNTL,7060.0,44.05092,-115.44322,Boise,1979-10-01 00:00,2100-01-01 00:00,2151.888
588:ID:SNTL,Lolo Pass,ID,SNTL,5280.0,46.63448,-114.58072,Idaho,1982-10-01 00:00,2100-01-01 00:00,1609.344
1016:ID:SNTL,Long Valley,ID,SNTL,4890.0,44.78835,-116.08878,Valley,2001-10-01 00:00,2100-01-01 00:00,1490.472
594:ID:SNTL,Lookout,ID,SNTL,5180.0,47.45749,-115.70457,Shoshone,1978-10-01 00:00,2100-01-01 00:00,1578.864
600:ID:SNTL,Lost Lake,ID,SNTL,6090.0,47.0809,-115.9604,Shoshone,1979-10-01 00:00,2100-01-01 00:00,1856.2320000000002
601:ID:SNTL,Lost-Wood Divide,ID,SNTL,7870.0,43.82441,-114.26404,Blaine,1979-10-01 00:00,2100-01-01 00:00,2398.7760000000003
610:ID:SNTL,Magic Mountain,ID,SNTL,6940.0,42.18071,-114.28665,Twin Falls,1979-10-01 00:00,2100-01-01 00:00,2115.312
620:ID:SNTL,Meadow Lake,ID,SNTL,9190.0,44.43655,-113.31815,Lemhi,1979-10-01 00:00,2100-01-01 00:00,2801.112
623:ID:SNTL,Mica Creek,ID,SNTL,4480.0,47.15045,-116.26643,Shoshone,1989-10-01 00:00,2100-01-01 00:00,1365.5040000000001
627:ID:SNTL,Mill Creek Summit,ID,SNTL,8780.0,44.47212,-114.48992,Custer,1978-10-01 00:00,2100-01-01 00:00,2676.1440000000002
636:ID:SNTL,Moonshine,ID,SNTL,7490.0,44.41478,-113.39814,Lemhi,1979-10-01 00:00,2100-01-01 00:00,2282.952
638:ID:SNTL,Moose Creek,ID,SNTL,6170.0,45.67008,-113.95315,Lemhi,1979-10-01 00:00,2100-01-01 00:00,1880.616
637:ID:SNTL,Mores Creek Summit,ID,SNTL,6090.0,43.932,-115.66588,Boise,1978-09-30 00:00,2100-01-01 00:00,1856.2320000000002
639:ID:SNTL,Morgan Creek,ID,SNTL,7620.0,44.84237,-114.26871,Lemhi,1979-10-01 00:00,2100-01-01 00:00,2322.576
989:ID:SNTL,Moscow Mountain,ID,SNTL,4700.0,46.805,-116.8535,Latah,2000-10-01 00:00,2100-01-01 00:00,1432.5600000000002
645:ID:SNTL,Mosquito Ridge,ID,SNTL,5270.0,48.05726,-116.23055,Shoshone,1978-10-01 00:00,2100-01-01 00:00,1606.296
650:ID:SNTL,Mountain Meadows,ID,SNTL,6340.0,45.69694,-115.22972,Idaho,1979-10-01 00:00,2100-01-01 00:00,1932.432
654:ID:SNTL,Mud Flat,ID,SNTL,5750.0,42.6004,-116.55925,Owyhee,1979-10-01 00:00,2100-01-01 00:00,1752.6000000000001
1053:ID:SNTL,Myrtle Creek,ID,SNTL,3540.0,48.72263,-116.46312,Boundary,2003-10-01 00:00,2100-01-01 00:00,1078.992
677:ID:SNTL,Oxford Spring,ID,SNTL,6790.0,42.26024,-112.12523,Oneida,1979-10-01 00:00,2100-01-01 00:00,2069.592
1299:ID:SNTL,Pebble Creek,ID,SNTL,6520.0,42.7674,-112.10648,Caribou,2021-06-17 00:00,2100-01-01 00:00,1987.296
1142:ID:SNTL,Pierce R.S.,ID,SNTL,3080.0,46.49597,-115.7957,Clearwater,2009-09-29 00:00,2100-01-01 00:00,938.784
695:ID:SNTL,Pine Creek Pass,ID,SNTL,6710.0,43.56998,-111.21157,Teton,1988-10-01 00:00,2100-01-01 00:00,2045.208
704:ID:SNTL,Prairie,ID,SNTL,4800.0,43.50513,-115.573,Elmore,1979-10-01 00:00,2100-01-01 00:00,1463.04
782:ID:SNTL,Puhi Flat,ID,SNTL,6240.0,44.77091,-116.24805,Adams,1979-10-01 00:00,2100-01-01 00:00,1901.952
1081:ID:SNTL,Ragged Mountain,ID,SNTL,4210.0,47.85583,-117.03667,Kootenai,2006-08-22 00:00,2100-01-01 00:00,1283.208
2029:ID:SNTL,Reynolds Creek,ID,SNTL,5590.0,43.28863,-116.8431,Owyhee,1999-08-31 00:00,2100-01-01 00:00,1703.832
735:ID:SNTL,Savage Pass,ID,SNTL,6170.0,46.46633,-114.63333,Idaho,1982-10-01 00:00,2100-01-01 00:00,1880.616
915:ID:SNTL,Schwartz Lake,ID,SNTL,8620.0,44.84618,-113.83732,Lemhi,1995-09-26 00:00,2100-01-01 00:00,2627.376
738:ID:SNTL,Schweitzer Basin,ID,SNTL,6090.0,48.37428,-116.63917,Bonner,1979-10-01 00:00,2100-01-01 00:00,1856.2320000000002
740:ID:SNTL,Secesh Summit,ID,SNTL,6530.0,45.18848,-115.97152,Valley,1979-10-01 00:00,2100-01-01 00:00,1990.344
741:ID:SNTL,Sedgwick Peak,ID,SNTL,7800.0,42.52463,-111.95632,Bannock,1988-10-01 00:00,2100-01-01 00:00,2377.44
747:ID:SNTL,Shanghi Summit,ID,SNTL,4590.0,46.56603,-115.74216,Clearwater,1982-10-01 00:00,2100-01-01 00:00,1399.0320000000002
749:ID:SNTL,Sheep Mtn.,ID,SNTL,6630.0,43.2103,-111.68792,Bingham,1978-10-01 00:00,2100-01-01 00:00,2020.824
752:ID:SNTL,Sherwin,ID,SNTL,3190.0,46.95028,-116.33972,Latah,1979-10-01 00:00,2100-01-01 00:00,972.312
1295:ID:SNTLT,Battle Creek AM,ID,SNTLT,5730.0,42.47694,-116.32576,Owyhee,2018-05-18 00:00,2100-01-01 00:00,1746.5040000000001
1293:ID:SNTLT,Bull Basin AM,ID,SNTLT,5480.0,42.35673,-116.95906,Owyhee,2018-05-18 00:00,2100-01-01 00:00,1670.304
1290:ID:SNTLT,Red Canyon AM,ID,SNTLT,6600.0,42.42817,-116.84653,Owyhee,2018-04-25 00:00,2100-01-01 00:00,2011.68
2117:MT:SCAN,Conrad Ag Rc,MT,SCAN,3700.0,48.30453,-111.92363,Pondera,2006-10-18 00:00,2100-01-01 00:00,1127.76
2019:MT:SCAN,Fort Assiniboine #1,MT,SCAN,2710.0,48.49086,-109.8004,Hill,1991-10-01 00:00,2100-01-01 00:00,826.008
2121:MT:SCAN,Jordan,MT,SCAN,2810.0,47.522,-107.12731,Garfield,2007-06-06 00:00,2100-01-01 00:00,856.488
581:MT:SCAN,Lindsay,MT,SCAN,2820.0,47.21415,-105.18702,Dawson,1990-10-01 00:00,2100-01-01 00:00,859.5360000000001
2119:MT:SCAN,Moccasin,MT,SCAN,4250.0,47.05818,-109.95082,Judith Basin,2006-10-21 00:00,2100-01-01 00:00,1295.4
2120:MT:SCAN,Sidney,MT,SCAN,2270.0,47.77102,-104.247,Richland,2006-10-24 00:00,2100-01-01 00:00,691.8960000000001
916:MT:SNTL,Albro Lake,MT,SNTL,8500.0,45.59723,-111.95902,Madison,1996-09-01 00:00,2100-01-01 00:00,2590.8
307:MT:SNTL,Badger Pass,MT,SNTL,6870.0,48.13091,-113.02311,Pondera,1968-10-01 00:00,2100-01-01 00:00,2093.976
311:MT:SNTL,Banfield Mountain,MT,SNTL,5580.0,48.5712,-115.44573,Lincoln,1968-10-01 00:00,2100-01-01 00:00,1700.784
313:MT:SNTL,Barker Lakes,MT,SNTL,8250.0,46.09713,-113.13038,Deer Lodge,1977-08-01 00:00,2100-01-01 00:00,2514.6
315:MT:SNTL,Basin Creek,MT,SNTL,7120.0,45.79737,-112.52047,Silver Bow,1976-10-01 00:00,2100-01-01 00:00,2170.176
1190:MT:SNTL,Bassoo Peak,MT,SNTL,5130.0,47.85562,-114.75841,Sanders,2011-10-12 00:00,2100-01-01 00:00,1563.624
318:MT:SNTL,Beagle Springs,MT,SNTL,8880.0,44.47147,-112.98191,Beaverhead,1976-10-01 00:00,2100-01-01 00:00,2706.6240000000003
328:MT:SNTL,Beaver Creek,MT,SNTL,7820.0,44.94966,-111.35852,Gallatin,1966-10-01 00:00,2100-01-01 00:00,2383.536
346:MT:SNTL,Bisson Creek,MT,SNTL,4880.0,47.68386,-113.99895,Lake,1988-10-01 00:00,2100-01-01 00:00,1487.424
347:MT:SNTL,Black Bear,MT,SNTL,8160.0,44.50832,-111.12803,Gallatin,1967-10-01 00:00,2100-01-01 00:00,2487.168
349:MT:SNTL,Black Pine,MT,SNTL,7170.0,46.414,-113.43095,Granite,1965-10-01 00:00,2100-01-01 00:00,2185.416
1144:MT:SNTL,Blacktail Mtn,MT,SNTL,5660.0,47.98317,-114.35443,Flathead,2010-08-25 00:00,2100-01-01 00:00,1725.1680000000001
355:MT:SNTL,Bloody Dick,MT,SNTL,7570.0,45.16507,-113.50099,Beaverhead,1976-10-01 00:00,2100-01-01 00:00,2307.3360000000002
360:MT:SNTL,Boulder Mountain,MT,SNTL,7890.0,46.5596,-111.28973,Meagher,1976-10-01 00:00,2100-01-01 00:00,2404.8720000000003
363:MT:SNTL,Box Canyon,MT,SNTL,6720.0,45.27178,-110.24899,Park,1976-10-01 00:00,2100-01-01 00:00,2048.2560000000003
365:MT:SNTL,Brackett Creek,MT,SNTL,7370.0,45.89107,-110.93851,Gallatin,1992-08-01 00:00,2100-01-01 00:00,2246.376
981:MT:SNTL,Burnt Mtn,MT,SNTL,5920.0,45.2401,-109.45961,Carbon,2000-09-30 00:00,2100-01-01 00:00,1804.4160000000002
381:MT:SNTL,Calvert Creek,MT,SNTL,6410.0,45.8838,-113.32553,Deer Lodge,1974-10-01 00:00,2100-01-01 00:00,1953.768
385:MT:SNTL,Carrot Basin,MT,SNTL,9200.0,44.96192,-111.29403,Gallatin,1966-10-01 00:00,2100-01-01 00:00,2804.1600000000003
1312:MT:SNTL,Chicago Ridge,MT,SNTL,5700.0,48.06224,-115.69748,Sanders,2022-08-22 00:00,2100-01-01 00:00,1737.3600000000001
403:MT:SNTL,Clover Meadow,MT,SNTL,8770.0,45.01788,-111.8456,Madison,1971-10-01 00:00,2100-01-01 00:00,2673.096
407:MT:SNTL,Cole Creek,MT,SNTL,7910.0,45.19405,-109.34548,Carbon,1960-10-01 00:00,2100-01-01 00:00,2410.9680000000003
410:MT:SNTL,Combination,MT,SNTL,5620.0,46.46523,-113.39358,Granite,1965-10-01 00:00,2100-01-01 00:00,1712.976
413:MT:SNTL,Copper Bottom,MT,SNTL,5200.0,47.05678,-112.595,Lewis and Clark,1978-10-01 00:00,2100-01-01 00:00,1584.96
414:MT:SNTL,Copper Camp,MT,SNTL,6980.0,47.08158,-112.72955,Lewis and Clark,1978-10-01 00:00,2100-01-01 00:00,2127.504
427:MT:SNTL,Crystal Lake,MT,SNTL,6130.0,46.78936,-109.51202,Fergus,1967-09-01 00:00,2100-01-01 00:00,1868.4240000000002
919:MT:SNTL,Daisy Peak,MT,SNTL,7590.0,46.66858,-110.33022,Meagher,1977-09-01 00:00,2100-01-01 00:00,2313.4320000000002
433:MT:SNTL,Daly Creek,MT,SNTL,5780.0,46.18367,-113.8533,Ravalli,1966-10-01 00:00,2100-01-01 00:00,1761.7440000000001
436:MT:SNTL,Darkhorse Lake,MT,SNTL,8930.0,45.17368,-113.5846,Beaverhead,1977-08-01 00:00,2100-01-01 00:00,2721.864
437:MT:SNTL,Deadman Creek,MT,SNTL,6440.0,46.79279,-110.67545,Meagher,1966-10-01 00:00,2100-01-01 00:00,1962.912
448:MT:SNTL,Divide,MT,SNTL,7770.0,44.79317,-112.05645,Madison,1971-01-01 00:00,2100-01-01 00:00,2368.2960000000003
458:MT:SNTL,Dupuyer Creek,MT,SNTL,5740.0,48.06341,-112.7573,Teton,1982-10-01 00:00,2100-01-01 00:00,1749.5520000000001
1105:MT:SNTL,East Boulder Mine,MT,SNTL,6310.0,45.50381,-110.08019,Sweet Grass,2008-06-19 00:00,2100-01-01 00:00,1923.288
1316:MT:SNTL,Elk Peak Alt,MT,SNTL,7820.0,46.47617,-110.72148,Meagher,2023-07-13 00:00,2100-01-01 00:00,2383.536
469:MT:SNTL,Emery Creek,MT,SNTL,4340.0,48.43412,-113.93725,Flathead,1975-10-01 00:00,2100-01-01 00:00,1322.832
480:MT:SNTL,Fisher Creek,MT,SNTL,9110.0,45.06235,-109.94488,Park,1966-10-01 00:00,2100-01-01 00:00,2776.728
482:MT:SNTL,Flattop Mtn.,MT,SNTL,6280.0,48.80225,-113.85713,Flathead,1969-10-01 00:00,2100-01-01 00:00,1914.144
487:MT:SNTL,Frohner Meadow,MT,SNTL,6520.0,46.43545,-112.19277,Jefferson,1967-10-01 00:00,2100-01-01 00:00,1987.296
918:MT:SNTL,Garver Creek,MT,SNTL,4250.0,48.97523,-115.81915,Lincoln,1968-10-01 00:00,2100-01-01 00:00,1295.4
500:MT:SNTL,Grave Creek,MT,SNTL,4350.0,48.91453,-114.76663,Flathead,1968-10-01 00:00,2100-01-01 00:00,1325.88
510:MT:SNTL,Hand Creek,MT,SNTL,5030.0,48.30754,-114.84075,Flathead,1976-10-01 00:00,2100-01-01 00:00,1533.144
516:MT:SNTL,Hawkins Lake,MT,SNTL,6460.0,48.9724,-115.95344,Lincoln,1968-10-01 00:00,2100-01-01 00:00,1969.008
530:MT:SNTL,Hoodoo Basin,MT,SNTL,6060.0,46.97511,-115.03486,Mineral,1966-10-01 00:00,2100-01-01 00:00,1847.0880000000002
1287:MT:SNTL,JL Meadow,MT,SNTL,8750.0,44.77665,-113.12217,Beaverhead,2017-10-13 00:00,2100-01-01 00:00,2667.0
562:MT:SNTL,Kraft Creek,MT,SNTL,4770.0,47.42749,-113.77515,Missoula,1979-10-01 00:00,2100-01-01 00:00,1453.8960000000002
568:MT:SNTL,Lakeview Ridge,MT,SNTL,7340.0,44.58907,-111.82498,Beaverhead,1960-10-01 00:00,2100-01-01 00:00,2237.232
576:MT:SNTL,Lemhi Ridge,MT,SNTL,8080.0,44.9938,-113.44399,Beaverhead,1971-01-01 00:00,2100-01-01 00:00,2462.784
578:MT:SNTL,Lick Creek,MT,SNTL,6880.0,45.5041,-110.96625,Gallatin,1963-10-01 00:00,2100-01-01 00:00,2097.024
590:MT:SNTL,Lone Mountain,MT,SNTL,8820.0,45.27412,-111.42692,Madison,1988-10-01 00:00,2100-01-01 00:00,2688.3360000000002
603:MT:SNTL,Lower Twin,MT,SNTL,7920.0,45.50871,-111.92288,Madison,1976-10-01 00:00,2100-01-01 00:00,2414.016
604:MT:SNTL,Lubrecht Flume,MT,SNTL,4690.0,46.88293,-113.32228,Missoula,1970-10-01 00:00,2100-01-01 00:00,1429.5120000000002
609:MT:SNTL,Madison Plateau,MT,SNTL,7710.0,44.58623,-111.11627,Gallatin,1967-10-01 00:00,2100-01-01 00:00,2350.0080000000003
613:MT:SNTL,Many Glacier,MT,SNTL,4930.0,48.79698,-113.6705,Glacier,1976-10-01 00:00,2100-01-01 00:00,1502.664
1322:MT:SNTL,Mill Creek,MT,SNTL,7420.0,45.263,-110.40501,Park,2025-07-11 00:00,2100-01-01 00:00,2261.616
635:MT:SNTL,Monument Peak,MT,SNTL,8740.0,45.21759,-110.237,Park,1976-10-01 00:00,2100-01-01 00:00,2663.952
646:MT:SNTL,Moss Peak,MT,SNTL,6760.0,47.68497,-113.96239,Lake,1961-04-01 00:00,2100-01-01 00:00,2060.4480000000003
649:MT:SNTL,Mount Lockhart,MT,SNTL,6430.0,47.91727,-112.8238,Teton,1968-10-01 00:00,2100-01-01 00:00,1959.864
656:MT:SNTL,Mule Creek,MT,SNTL,8300.0,45.40957,-112.95927,Beaverhead,1977-10-01 00:00,2100-01-01 00:00,2529.84
657:MT:SNTL,N Fk Elk Creek,MT,SNTL,6180.0,46.8716,-113.27725,Powell,1967-10-01 00:00,2100-01-01 00:00,1883.664
903:MT:SNTL,Nevada Ridge,MT,SNTL,7030.0,46.84234,-112.50787,Lewis and Clark,1977-10-01 00:00,2100-01-01 00:00,2142.744
662:MT:SNTL,Nez Perce Camp,MT,SNTL,5670.0,45.73107,-114.48075,Ravalli,1967-10-01 00:00,2100-01-01 00:00,1728.2160000000001
664:MT:SNTL,Noisy Basin,MT,SNTL,6070.0,48.15668,-113.9463,Flathead,1961-04-01 00:00,2100-01-01 00:00,1850.1360000000002
667:MT:SNTL,North Fork Jocko,MT,SNTL,6110.0,47.27258,-113.75631,Missoula,1961-04-01 00:00,2100-01-01 00:00,1862.3280000000002
670:MT:SNTL,Northeast Entrance,MT,SNTL,7420.0,45.00568,-110.01411,Park,1937-10-01 00:00,2100-01-01 00:00,2261.616
930:MT:SNTL,Peterson Meadows,MT,SNTL,7190.0,46.12588,-113.30792,Granite,1965-10-01 00:00,2100-01-01 00:00,2191.512
690:MT:SNTL,Pickfoot Creek,MT,SNTL,6680.0,46.57969,-111.26812,Meagher,1977-06-01 00:00,2100-01-01 00:00,2036.064
693:MT:SNTL,Pike Creek,MT,SNTL,5930.0,48.30305,-113.32868,Pondera,1960-10-01 00:00,2100-01-01 00:00,1807.4640000000002
696:MT:SNTL,Placer Basin,MT,SNTL,8790.0,45.41905,-110.08844,Sweet Grass,1976-10-01 00:00,2100-01-01 00:00,2679.192
932:MT:SNTL,Poorman Creek,MT,SNTL,5050.0,48.12632,-115.6234,Lincoln,1968-10-01 00:00,2100-01-01 00:00,1539.24
700:MT:SNTL,Porcupine,MT,SNTL,6480.0,46.11192,-110.4696,Park,1975-10-01 00:00,2100-01-01 00:00,1975.104
722:MT:SNTL,Rocker Peak,MT,SNTL,7960.0,46.35613,-112.26176,Jefferson,1967-10-01 00:00,2100-01-01 00:00,2426.208
917:MT:SNTL,Rocky Boy,MT,SNTL,4730.0,48.17478,-109.64728,Hill,1967-10-01 00:00,2100-01-01 00:00,1441.7040000000002
725:MT:SNTL,S Fork Shields,MT,SNTL,8090.0,46.08963,-110.43367,Park,1978-10-01 00:00,2100-01-01 00:00,2465.8320000000003
929:MT:SNTL,Sacajawea,MT,SNTL,6610.0,45.87395,-110.92783,Gallatin,1999-09-30 00:00,2100-01-01 00:00,2014.728
727:MT:SNTL,Saddle Mtn.,MT,SNTL,7890.0,45.69259,-113.96828,Beaverhead,1967-10-01 00:00,2100-01-01 00:00,2404.8720000000003
753:MT:SNTL,Short Creek,MT,SNTL,6990.0,44.97572,-111.95215,Madison,1985-10-01 00:00,2100-01-01 00:00,2130.552
754:MT:SNTL,Shower Falls,MT,SNTL,8060.0,45.40125,-110.95758,Gallatin,1964-10-01 00:00,2100-01-01 00:00,2456.688
760:MT:SNTL,Skalkaho Summit,MT,SNTL,7260.0,46.24212,-113.7725,Granite,1966-10-01 00:00,2100-01-01 00:00,2212.848
1286:MT:SNTL,Slagamelt Lakes,MT,SNTL,8600.0,45.36526,-113.71834,Beaverhead,2017-09-14 00:00,2100-01-01 00:00,2621.28
783:MT:SNTL,Sleeping Woman,MT,SNTL,6120.0,47.17902,-114.33371,Sanders,1988-10-01 00:00,2100-01-01 00:00,1865.3760000000002
1165:MT:SNTLT,Ashley Divide,MT,SNTLT,4820.0,48.20161,-114.51495,Flathead,2010-01-09 00:00,2100-01-01 00:00,1469.136
536:MT:SNTLT,Elk Peak SC,MT,SNTLT,7800.0,46.47642,-110.72065,Meagher,2018-12-04 00:00,2100-01-01 00:00,2377.44
456:MT:SNTLT,Jahnke Lake Trail,MT,SNTLT,7180.0,45.21665,-113.50143,Beaverhead,2018-10-10 00:00,2100-01-01 00:00,2188.464
2216:NV:SCAN,Buckhorn,NV,SCAN,6470.0,40.87959,-119.9534,Washoe,2014-10-24 00:00,2100-01-01 00:00,1972.056
2145:NV:SCAN,Charkiln,NV,SCAN,6700.0,36.36651,-115.82047,Clark,2007-10-28 00:00,2100-01-01 00:00,2042.16
2141:NV:SCAN,Kyle Canyon,NV,SCAN,7010.0,36.26527,-115.60852,Clark,2007-10-23 00:00,2100-01-01 00:00,2136.648
2146:NV:SCAN,Lovell Summit,NV,SCAN,6600.0,36.16555,-115.61195,Clark,2007-10-29 00:00,2100-01-01 00:00,2011.68
2116:NV:SCAN,Lovelock NNR,NV,SCAN,3930.0,40.09247,-118.49345,Pershing,2006-09-26 00:00,2100-01-01 00:00,1197.864
2144:NV:SCAN,Pine Nut,NV,SCAN,6780.0,36.57285,-115.20422,Clark,2007-10-27 00:00,2100-01-01 00:00,2066.5440000000003
321:NV:SNTL,Bear Creek,NV,SNTL,8090.0,41.83391,-115.45278,Elko,1976-03-01 00:00,2100-01-01 00:00,2465.8320000000003
334:NV:SNTL,Berry Creek,NV,SNTL,9350.0,39.31917,-114.62278,White Pine,1980-10-01 00:00,2100-01-01 00:00,2849.88
336:NV:SNTL,Big Bend,NV,SNTL,6890.0,41.76168,-115.6931,Elko,1978-10-01 00:00,2100-01-01 00:00,2100.072
337:NV:SNTL,Big Creek Sum,NV,SNTL,8710.0,39.29148,-117.11506,Lander,1980-10-01 00:00,2100-01-01 00:00,2654.808
340:NV:SNTL,Big Meadow,NV,SNTL,8240.0,39.455,-119.9422,Washoe,1983-10-01 00:00,2100-01-01 00:00,2511.552
1155:NV:SNTL,Bird Creek,NV,SNTL,7530.0,39.46138,-114.64863,White Pine,2011-10-01 00:00,2100-01-01 00:00,2295.1440000000002
1111:NV:SNTL,Bristlecone Trail,NV,SNTL,8900.0,36.31575,-115.69543,Clark,2008-10-01 00:00,2100-01-01 00:00,2712.7200000000003
373:NV:SNTL,Buckskin Lower,NV,SNTL,6920.0,41.75067,-117.53182,Humboldt,1980-10-01 00:00,2100-01-01 00:00,2109.216
1152:NV:SNTL,Cave Mountain,NV,SNTL,10580.0,39.16337,-114.6133,White Pine,2011-10-01 00:00,2100-01-01 00:00,3224.784
1204:NV:SNTL,Columbia Basin,NV,SNTL,6490.0,41.67167,-116.07033,Elko,2011-12-23 00:00,2100-01-01 00:00,1978.152
1209:NV:SNTL,Corduroy Flat,NV,SNTL,8640.0,38.99651,-115.42478,White Pine,2011-12-23 09:00,2100-01-01 00:00,2633.472
417:NV:SNTL,Corral Canyon,NV,SNTL,8440.0,40.27551,-115.54017,Elko,1978-10-01 00:00,2100-01-01 00:00,2572.512
1210:NV:SNTL,Defiance Mines,NV,SNTL,9310.0,39.08527,-114.89977,White Pine,2011-12-22 00:00,2100-01-01 00:00,2837.688
443:NV:SNTL,Diamond Peak,NV,SNTL,8030.0,39.56361,-115.84421,Eureka,1983-10-01 00:00,2100-01-01 00:00,2447.5440000000003
445:NV:SNTL,Disaster Peak,NV,SNTL,6260.0,41.96737,-118.18934,Humboldt,1980-10-01 00:00,2100-01-01 00:00,1908.048
453:NV:SNTL,Dorsey Basin,NV,SNTL,7900.0,40.89343,-115.21104,Elko,1978-10-01 00:00,2100-01-01 00:00,2407.92
454:NV:SNTL,Draw Creek,NV,SNTL,7300.0,41.661,-115.3234,Elko,1983-10-01 00:00,2100-01-01 00:00,2225.04
1243:NV:SNTL,Dry Creek,NV,SNTL,6550.0,40.8638,-115.22014,Elko,2013-10-01 00:00,2100-01-01 00:00,1996.44
476:NV:SNTL,Fawn Creek,NV,SNTL,7040.0,41.82098,-116.10153,Elko,1980-10-01 00:00,2100-01-01 00:00,2145.792
1262:NV:SNTL,Fry Canyon,NV,SNTL,6790.0,41.58008,-115.9364,Elko,2014-10-08 00:00,2100-01-01 00:00,2069.592
1195:NV:SNTL,Golconda,NV,SNTL,6640.0,40.88358,-117.58812,Humboldt,2011-10-01 00:00,2100-01-01 00:00,2023.872
498:NV:SNTL,Granite Peak,NV,SNTL,8500.0,41.67032,-117.56668,Humboldt,1980-10-01 00:00,2100-01-01 00:00,2590.8
503:NV:SNTL,Green Mountain,NV,SNTL,8180.0,40.3848,-115.52757,Elko,1980-10-01 00:00,2100-01-01 00:00,2493.264
527:NV:SNTL,Hole-in-Mountain,NV,SNTL,8170.0,40.94168,-115.0954,Elko,1981-10-01 00:00,2100-01-01 00:00,2490.2160000000003
548:NV:SNTL,Jack Creek Upper,NV,SNTL,7380.0,41.54675,-116.00517,Elko,1978-10-01 00:00,2100-01-01 00:00,2249.424
549:NV:SNTL,Jacks Peak,NV,SNTL,8440.0,41.5136,-116.0117,Elko,1981-10-01 00:00,2100-01-01 00:00,2572.512
1211:NV:SNTL,Jakes Creek,NV,SNTL,7380.0,41.5687,-115.03243,Elko,2011-12-23 00:00,2100-01-01 00:00,2249.424
1150:NV:SNTL,Kalamazoo,NV,SNTL,7740.0,39.5579,-114.62762,White Pine,2011-10-01 00:00,2100-01-01 00:00,2359.152
569:NV:SNTL,Lamance Creek,NV,SNTL,6390.0,41.51542,-117.63197,Humboldt,1980-10-01 00:00,2100-01-01 00:00,1947.672
570:NV:SNTL,Lamoille #3,NV,SNTL,8040.0,40.6448,-115.3812,Elko,1980-10-01 00:00,2100-01-01 00:00,2450.592
1310:NV:SNTL,Lamoille Upper,NV,SNTL,8990.0,40.59965,-115.37902,Elko,2022-08-10 00:00,2100-01-01 00:00,2740.152
573:NV:SNTL,Laurel Draw,NV,SNTL,6680.0,41.77637,-116.02957,Elko,1979-10-01 00:00,2100-01-01 00:00,2036.064
1112:NV:SNTL,Lee Canyon,NV,SNTL,8620.0,36.30537,-115.67508,Clark,2008-10-01 00:00,2100-01-01 00:00,2627.376
1006:NV:SNTL,Lewis Peak,NV,SNTL,7370.0,40.3572,-116.8647,Lander,2000-10-01 00:00,2100-01-01 00:00,2246.376
1242:NV:SNTL,Little Valley,NV,SNTL,6500.0,39.25259,-119.8771,Washoe,2013-10-01 00:00,2100-01-01 00:00,1981.2
615:NV:SNTL,Marlette Lake,NV,SNTL,7860.0,39.16395,-119.89672,Carson City,1978-10-01 00:00,2100-01-01 00:00,2395.728
1207:NV:SNTL,Merritt Mountain,NV,SNTL,6920.0,41.8927,-115.858,Elko,2011-12-23 00:00,2100-01-01 00:00,2109.216
1206:NV:SNTL,Midas,NV,SNTL,6630.0,41.26873,-116.80332,Elko,2011-12-23 00:00,2100-01-01 00:00,2020.824
652:NV:SNTL,Mt Rose Ski Area,NV,SNTL,8810.0,39.31573,-119.89473,Washoe,1980-10-01 00:00,2100-01-01 00:00,2685.288
1272:NV:SNTL,ONeil Creek,NV,SNTL,6490.0,41.86411,-115.08251,Elko,2018-06-07 00:00,2100-01-01 00:00,1978.152
1244:NV:SNTL,Pole Canyon,NV,SNTL,7760.0,40.86293,-115.12067,Elko,2013-10-01 00:00,2100-01-01 00:00,2365.248
698:NV:SNTL,Pole Creek R.S.,NV,SNTL,8370.0,41.87255,-115.24713,Elko,1977-02-01 00:00,2100-01-01 00:00,2551.176
2170:NV:SNTL,Porter Canyon,NV,SNTL,7190.0,39.46544,-117.62069,Lander,2009-10-22 00:00,2100-01-01 00:00,2191.512
1110:NV:SNTL,Rainbow Canyon,NV,SNTL,7840.0,36.2493,-115.62972,Clark,2008-10-01 00:00,2100-01-01 00:00,2389.632
746:NV:SNTL,Seventysix Creek,NV,SNTL,7360.0,41.73732,-115.47215,Elko,1978-10-01 00:00,2100-01-01 00:00,2243.328
750:NV:SNTL,Sheldon,NV,SNTL,5860.0,41.90435,-119.44464,Washoe,1988-10-01 00:00,2100-01-01 00:00,1786.1280000000002
1205:NV:SNTL,Silver Creek Nv,NV,SNTL,8220.0,39.23305,-114.2429,White Pine,2011-12-22 00:00,2100-01-01 00:00,2505.456
1198:NV:SNTLT,American Beauty,NV,SNTLT,7520.0,40.53373,-115.45768,Elko,2011-12-23 00:00,2100-01-01 00:00,2292.096
1240:NV:SNTLT,Bald Mtn AM,NV,SNTLT,6660.0,41.82168,-119.63712,Washoe,2017-07-18 00:00,2100-01-01 00:00,2029.968
1297:NV:SNTLT,Quinn Ridge,NV,SNTLT,6260.0,41.96219,-117.33968,Humboldt,2020-09-30 00:00,2100-01-01 00:00,1908.048
1199:NV:SNTLT,Robinson Lake,NV,SNTLT,9200.0,40.7255,-115.2798,Elko,2011-12-23 00:00,2100-01-01 00:00,2804.1600000000003
350897:OR:COOP,Bonneville Dam,OR,COOP,60.0,45.6354,-121.9523,Multnomah,1937-12-01 00:00,2100-01-01 00:00,18.288
353402:OR:COOP,Government Camp,OR,COOP,3990.0,45.3008,-121.7425,Clackamas,1951-07-18 00:00,2100-01-01 00:00,1216.152
354003:OR:COOP,Hood River Exp Stn,OR,COOP,540.0,45.6847,-121.5175,Hood River,1893-02-01 00:00,2100-01-01 00:00,164.592
94236:OR:COOP,Klamath Falls Intl AP,OR,COOP,4080.0,42.147,-121.7255,Klamath,1850-01-01 00:00,2100-01-01 00:00,1243.584
356751:OR:COOP,Portland Intl AP,OR,COOP,20.0,45.59578,-122.60919,Multnomah,1938-04-01 00:00,2100-01-01 00:00,6.096
358634:OR:COOP,Portland Troutdale AP,OR,COOP,40.0,45.5533,-122.3886,Multnomah,1965-07-02 00:00,2100-01-01 00:00,12.192
302:OR:SNTL,Aneroid Lake #2,OR,SNTL,7430.0,45.21332,-117.19255,Wallowa,1980-10-01 00:00,2100-01-01 00:00,2264.664
1000:OR:SNTL,Annie Springs,OR,SNTL,6020.0,42.87007,-122.16518,Klamath,2000-09-01 00:00,2100-01-01 00:00,1834.8960000000002
304:OR:SNTL,Arbuckle Mtn,OR,SNTL,5770.0,45.19085,-119.25392,Morrow,1978-10-01 00:00,2100-01-01 00:00,1758.6960000000001
1166:OR:SNTL,Bear Grass,OR,SNTL,4720.0,44.3253,-122.0938,Linn,2011-07-18 00:00,2100-01-01 00:00,1438.6560000000002
331:OR:SNTL,Beaver Reservoir,OR,SNTL,5140.0,45.14532,-118.219,Union,1979-10-01 00:00,2100-01-01 00:00,1566.672
341:OR:SNTL,Big Red Mountain,OR,SNTL,6060.0,42.05257,-122.85487,Jackson,1979-10-01 00:00,2100-01-01 00:00,1847.0880000000002
343:OR:SNTL,Bigelow Camp,OR,SNTL,5130.0,42.07875,-123.34393,Josephine,1979-10-01 00:00,2100-01-01 00:00,1563.624
344:OR:SNTL,Billie Creek Divide,OR,SNTL,5280.0,42.40717,-122.26617,Klamath,1978-10-01 00:00,2100-01-01 00:00,1609.344
351:OR:SNTL,Blazed Alder,OR,SNTL,3660.0,45.4287,-121.85605,Clackamas,1979-10-01 00:00,2100-01-01 00:00,1115.568
357:OR:SNTL,Blue Mountain Spring,OR,SNTL,5880.0,44.24767,-118.51722,Grant,1978-10-01 00:00,2100-01-01 00:00,1792.2240000000002
361:OR:SNTL,Bourne,OR,SNTL,5850.0,44.83052,-118.18787,Baker,1978-10-01 00:00,2100-01-01 00:00,1783.0800000000002
362:OR:SNTL,Bowman Springs,OR,SNTL,4550.0,45.36428,-118.46715,Umatilla,1978-10-01 00:00,2100-01-01 00:00,1386.8400000000001
388:OR:SNTL,Cascade Summit,OR,SNTL,5100.0,43.59042,-122.0601,Deschutes,1979-10-01 00:00,2100-01-01 00:00,1554.48
395:OR:SNTL,Chemult Alternate,OR,SNTL,4850.0,43.22625,-121.80662,Klamath,1979-10-01 00:00,2100-01-01 00:00,1478.28
398:OR:SNTL,Clackamas Lake,OR,SNTL,3400.0,45.09658,-121.75443,Clackamas,1979-10-01 00:00,2100-01-01 00:00,1036.3200000000002
401:OR:SNTL,Clear Lake,OR,SNTL,3810.0,45.18832,-121.6916,Wasco,1979-10-01 00:00,2100-01-01 00:00,1161.288
406:OR:SNTL,Cold Springs Camp,OR,SNTL,5940.0,42.53305,-122.17683,Klamath,1979-10-01 00:00,2100-01-01 00:00,1810.5120000000002
422:OR:SNTL,County Line,OR,SNTL,4840.0,45.19107,-118.55015,Umatilla,1979-10-01 00:00,2100-01-01 00:00,1475.232
1010:OR:SNTL,Crazyman Flat,OR,SNTL,6190.0,42.6381,-120.94917,Klamath,2001-09-01 00:00,2100-01-01 00:00,1886.712
434:OR:SNTL,Daly Lake,OR,SNTL,3690.0,44.52147,-122.08718,Linn,1978-10-01 00:00,2100-01-01 00:00,1124.712
440:OR:SNTL,Derr.,OR,SNTL,5850.0,44.4465,-119.93012,Wheeler,1979-10-01 00:00,2100-01-01 00:00,1783.0800000000002
442:OR:SNTL,Diamond Lake,OR,SNTL,5280.0,43.18787,-122.14003,Douglas,1979-10-01 00:00,2100-01-01 00:00,1609.344
464:OR:SNTL,Eilertson Meadows,OR,SNTL,5510.0,44.86887,-118.11387,Baker,1979-10-01 00:00,2100-01-01 00:00,1679.448
470:OR:SNTL,Emigrant Springs,OR,SNTL,3790.0,45.55808,-118.45385,Umatilla,1979-10-01 00:00,2100-01-01 00:00,1155.192
1314:OR:SNTL,Fifteenmile,OR,SNTL,5970.0,45.35265,-121.53,Hood River,2022-09-21 00:00,2100-01-01 00:00,1819.6560000000002
477:OR:SNTL,Fish Creek,OR,SNTL,7700.0,42.70993,-118.63219,Harney,1978-10-01 00:00,2100-01-01 00:00,2346.96
479:OR:SNTL,Fish Lk.,OR,SNTL,4660.0,42.3801,-122.34943,Jackson,1979-10-01 00:00,2100-01-01 00:00,1420.3680000000002
483:OR:SNTL,Fourmile Lake,OR,SNTL,5970.0,42.43933,-122.2288,Klamath,1978-10-01 00:00,2100-01-01 00:00,1819.6560000000002
945:OR:SNTL,Gerber Reservoir,OR,SNTL,4880.0,42.2062,-121.1334,Klamath,1998-10-01 00:00,2100-01-01 00:00,1487.424
494:OR:SNTL,Gold Center,OR,SNTL,5400.0,44.7638,-118.3117,Grant,1979-10-01 00:00,2100-01-01 00:00,1645.92
504:OR:SNTL,Greenpoint,OR,SNTL,3320.0,45.62237,-121.70415,Hood River,1978-10-01 00:00,2100-01-01 00:00,1011.936
523:OR:SNTL,High Ridge,OR,SNTL,4900.0,45.69682,-118.10657,Umatilla,1978-10-01 00:00,2100-01-01 00:00,1493.52
526:OR:SNTL,Hogg Pass,OR,SNTL,4800.0,44.42042,-121.85655,Linn,1978-10-01 00:00,2100-01-01 00:00,1463.04
529:OR:SNTL,Holland Meadows,OR,SNTL,4930.0,43.66917,-122.56877,Lane,1979-10-01 00:00,2100-01-01 00:00,1502.664
1158:OR:SNTL,Howard Prairie,OR,SNTL,4580.0,42.215,-122.3713,Jackson,2012-09-26 00:00,2100-01-01 00:00,1395.9840000000002
545:OR:SNTL,Irish Taylor,OR,SNTL,5540.0,43.80368,-121.94793,Deschutes,1978-10-01 00:00,2100-01-01 00:00,1688.592
552:OR:SNTL,Jump Off Joe,OR,SNTL,3530.0,44.38605,-122.16683,Linn,1978-10-01 00:00,2100-01-01 00:00,1075.944
558:OR:SNTL,King Mountain,OR,SNTL,4340.0,42.72395,-123.20037,Jackson,1979-10-01 00:00,2100-01-01 00:00,1322.832
563:OR:SNTL,Lake Creek R.S.,OR,SNTL,5250.0,44.21007,-118.63752,Grant,1978-10-01 00:00,2100-01-01 00:00,1600.2
584:OR:SNTL,Little Meadows,OR,SNTL,4020.0,44.61297,-122.22565,Linn,1978-10-01 00:00,2100-01-01 00:00,1225.296
605:OR:SNTL,Lucky Strike,OR,SNTL,4970.0,45.27478,-118.8479,Umatilla,1978-10-01 00:00,2100-01-01 00:00,1514.856
608:OR:SNTL,Madison Butte,OR,SNTL,5150.0,45.10513,-119.49585,Morrow,1979-10-01 00:00,2100-01-01 00:00,1569.72
614:OR:SNTL,Marion Forks,OR,SNTL,2590.0,44.59397,-121.97365,Linn,1979-10-01 00:00,2100-01-01 00:00,789.432
619:OR:SNTL,Mckenzie,OR,SNTL,4770.0,44.2103,-121.87292,Lane,1979-10-01 00:00,2100-01-01 00:00,1453.8960000000002
1079:OR:SNTL,Milk Shakes,OR,SNTL,5580.0,45.9821,-117.94883,Wallowa,2007-05-12 00:00,2100-01-01 00:00,1700.784
1084:OR:SNTL,Miller Woods,OR,SNTL,420.0,45.24755,-123.27563,Yamhill,2006-09-22 00:00,2100-01-01 00:00,128.01600000000002
647:OR:SNTL,Moss Springs,OR,SNTL,5760.0,45.27173,-117.68747,Union,1979-10-01 00:00,2100-01-01 00:00,1755.6480000000001
651:OR:SNTL,Mt Hood Test Site,OR,SNTL,5380.0,45.32097,-121.7158,Clackamas,1979-10-01 00:00,2100-01-01 00:00,1639.824
653:OR:SNTL,Mt. Howard,OR,SNTL,7840.0,45.26514,-117.17377,Wallowa,1979-10-01 00:00,2100-01-01 00:00,2389.632
655:OR:SNTL,Mud Ridge,OR,SNTL,4070.0,45.25362,-121.73673,Clackamas,1978-10-01 00:00,2100-01-01 00:00,1240.536
660:OR:SNTL,New Crescent Lake,OR,SNTL,4910.0,43.51185,-121.97982,Klamath,1979-10-01 00:00,2100-01-01 00:00,1496.568
666:OR:SNTL,North Fork,OR,SNTL,3070.0,45.5505,-122.00283,Multnomah,1978-10-01 00:00,2100-01-01 00:00,935.7360000000001
671:OR:SNTL,Ochoco Meadows,OR,SNTL,5430.0,44.42917,-120.3311,Crook,1979-10-01 00:00,2100-01-01 00:00,1655.064
687:OR:SNTL,Peavine Ridge,OR,SNTL,3420.0,45.04148,-121.93252,Clackamas,1979-10-01 00:00,2100-01-01 00:00,1042.416
706:OR:SNTL,Quartz Mountain,OR,SNTL,5710.0,42.31923,-120.82533,Lake,1979-10-01 00:00,2100-01-01 00:00,1740.4080000000001
710:OR:SNTL,Railroad Overpass,OR,SNTL,2680.0,43.65887,-122.21272,Lane,1980-10-01 00:00,2100-01-01 00:00,816.864
712:OR:SNTL,Red Hill,OR,SNTL,4410.0,45.4643,-121.70428,Hood River,1978-10-01 00:00,2100-01-01 00:00,1344.1680000000001
719:OR:SNTL,Roaring River,OR,SNTL,4960.0,43.90098,-122.03063,Lane,1979-10-01 00:00,2100-01-01 00:00,1511.808
721:OR:SNTL,Rock Springs,OR,SNTL,5290.0,44.00883,-118.83842,Grant,1979-10-01 00:00,2100-01-01 00:00,1612.392
726:OR:SNTL,Saddle Mountain,OR,SNTL,3090.0,45.54475,-123.37331,Washington,1978-10-01 00:00,2100-01-01 00:00,941.832
729:OR:SNTL,Salt Creek Falls,OR,SNTL,4220.0,43.61193,-122.11758,Lane,1979-10-01 00:00,2100-01-01 00:00,1286.256
733:OR:SNTL,Santiam Jct.,OR,SNTL,3740.0,44.43503,-121.94502,Linn,1978-10-01 00:00,2100-01-01 00:00,1139.952
736:OR:SNTL,Schneider Meadows,OR,SNTL,5400.0,45.00107,-117.16522,Baker,1980-10-01 00:00,2100-01-01 00:00,1645.92
743:OR:SNTL,Seine Creek,OR,SNTL,2070.0,45.52688,-123.29857,Washington,1979-10-01 00:00,2100-01-01 00:00,630.936
745:OR:SNTL,Sevenmile Marsh,OR,SNTL,5690.0,42.69825,-122.14165,Klamath,1979-10-01 00:00,2100-01-01 00:00,1734.3120000000001
756:OR:SNTL,Silver Creek,OR,SNTL,5750.0,42.95615,-121.18123,Lake,1979-10-01 00:00,2100-01-01 00:00,1752.6000000000001
759:OR:SNTL,Silvies,OR,SNTL,7000.0,42.75333,-118.68785,Harney,1978-10-01 00:00,2100-01-01 00:00,2133.6
1245:OR:SNTLT,Anthony Lake,OR,SNTLT,7160.0,44.9591,-118.22668,Baker,2013-07-18 00:00,2100-01-01 00:00,2182.368
447:OR:SNTLT,Bald Mtn AM OR,OR,SNTLT,6650.0,45.21158,-117.6626,Union,2018-08-21 00:00,2100-01-01 00:00,2026.92
1246:OR:SNTLT,Barney Creek,OR,SNTLT,5820.0,44.36069,-118.31114,Baker,2013-07-18 00:00,2100-01-01 00:00,1773.9360000000001
1291:OR:SNTLT,Bear Flat Meadow AM,OR,SNTLT,6580.0,42.41655,-120.47043,Lake,2018-05-17 00:00,2100-01-01 00:00,2005.584
1229:OR:SNTLT,Big Sheep AM,OR,SNTLT,6250.0,45.16842,-117.08631,Wallowa,2012-08-07 00:00,2100-01-01 00:00,1905.0
1333:OR:SNTLT,Buck Pasture AM,OR,SNTLT,5740.0,43.02795,-118.41225,Harney,2025-08-13 14:00,2100-01-01 00:00,1749.5520000000001
1292:OR:SNTLT,Buckskin Lake AM,OR,SNTLT,5200.0,43.02503,-118.94785,Harney,2018-05-15 00:00,2100-01-01 00:00,1584.96
1289:OR:SNTLT,Call Meadows AM,OR,SNTLT,5380.0,43.81191,-118.78565,Harney,2018-04-13 00:00,2100-01-01 00:00,1639.824
1273:OR:SNTLT,Cox Flat AM,OR,SNTLT,5720.0,42.36192,-120.60912,Lake,2015-07-22 13:00,2100-01-01 00:00,1743.4560000000001
1337:OR:SNTLT,Dog Hollow AM,OR,SNTLT,4920.0,42.1284,-121.12085,Klamath,2025-07-24 04:00,2100-01-01 00:00,1499.616
1274:OR:SNTLT,Finley Corrals AM,OR,SNTLT,5950.0,42.45988,-120.78508,Lake,2015-07-22 00:00,2100-01-01 00:00,1813.5600000000002
1320:OR:SNTLT,Flag Prairie AM,OR,SNTLT,4720.0,44.14063,-118.325,Grant,2024-01-18 00:00,2100-01-01 00:00,1438.6560000000002
1250:OR:SNTLT,Government Corrals,OR,SNTLT,7400.0,42.04308,-118.3195,Harney,2013-08-29 00:00,2100-01-01 00:00,2255.52
1218:OR:SNTLT,Hart Mountain AM,OR,SNTLT,6440.0,42.47964,-119.71908,Lake,2012-06-12 00:00,2100-01-01 00:00,1962.912
1298:OR:SNTLT,Lookout Butte,OR,SNTLT,5740.0,42.13397,-117.17992,Malheur,2020-09-30 00:00,2100-01-01 00:00,1749.5520000000001
1296:OR:SNTLT,Louse Canyon,OR,SNTLT,6520.0,42.07059,-117.5483,UNKNOWN,2020-09-29 00:00,2100-01-01 00:00,1987.296
1241:OR:SNTLT,Patton Meadows AM,OR,SNTLT,6780.0,42.24522,-120.60527,Lake,2013-06-25 00:00,2100-01-01 00:00,2066.5440000000003
1220:OR:SNTLT,Rogger Meadow AM,OR,SNTLT,6360.0,42.16528,-120.24747,Lake,2012-06-12 00:00,2100-01-01 00:00,1938.528
1219:OR:SNTLT,Sherman Valley AM,OR,SNTLT,6640.0,42.3572,-120.22522,Lake,2012-06-12 00:00,2100-01-01 00:00,2023.872
2138:UT:SCAN,Alkali Mesa,UT,SCAN,6450.0,37.67455,-109.36429,San Juan,2007-09-17 00:00,2100-01-01 00:00,1965.96
2135:UT:SCAN,Blue Creek,UT,SCAN,5180.0,41.93531,-112.4336,Box Elder,2007-09-12 00:00,2100-01-01 00:00,1578.864
2151:UT:SCAN,Buffalo Jump,UT,SCAN,6680.0,41.34382,-111.18752,Rich,2009-08-26 00:00,2100-01-01 00:00,2036.064
2136:UT:SCAN,Cache Junction,UT,SCAN,4420.0,41.81568,-111.98043,Cache,2007-09-13 00:00,2100-01-01 00:00,1347.2160000000001
2161:UT:SCAN,Cave Valley,UT,SCAN,6270.0,37.35524,-113.12341,Washington,2010-04-12 00:00,2100-01-01 00:00,1911.096
2150:UT:SCAN,Chicken Ridge,UT,SCAN,7650.0,41.33136,-111.3036,Morgan,2009-08-25 00:00,2100-01-01 00:00,2331.7200000000003
2125:UT:SCAN,Circleville,UT,SCAN,6130.0,38.15133,-112.25122,Piute,2007-05-08 00:00,2100-01-01 00:00,1868.4240000000002
2167:UT:SCAN,Dugway,UT,SCAN,4320.0,40.16591,-113.02007,Tooele,2009-06-16 00:00,2100-01-01 00:00,1316.736
2130:UT:SCAN,Eastland,UT,SCAN,6840.0,37.77853,-109.17193,San Juan,2007-05-14 00:00,2100-01-01 00:00,2084.832
2128:UT:SCAN,Enterprise,UT,SCAN,5240.0,37.63343,-113.64324,Iron,2007-05-11 00:00,2100-01-01 00:00,1597.152
2126:UT:SCAN,Ephraim,UT,SCAN,5540.0,39.36798,-111.57803,Sanpete,2007-05-09 00:00,2100-01-01 00:00,1688.592
2165:UT:SCAN,Goshute,UT,SCAN,5490.0,39.99003,-114.00025,Tooele,2010-03-01 00:00,2100-01-01 00:00,1673.352
2152:UT:SCAN,Grantsville,UT,SCAN,4340.0,40.59089,-112.39258,Tooele,2009-08-27 00:00,2100-01-01 00:00,1322.832
2131:UT:SCAN,Green River,UT,SCAN,4100.0,39.01825,-110.16264,Emery,2005-05-15 00:00,2100-01-01 00:00,1249.68
2160:UT:SCAN,Grouse Creek,UT,SCAN,5820.0,41.77846,-113.82048,Box Elder,2010-05-04 00:00,2100-01-01 00:00,1773.9360000000001
2164:UT:SCAN,Hals Canyon,UT,SCAN,5250.0,38.59445,-113.75102,Millard,2010-03-09 00:00,2100-01-01 00:00,1600.2
2166:UT:SCAN,Harms Way,UT,SCAN,7060.0,38.31347,-109.23998,San Juan,2010-03-03 00:00,2100-01-01 00:00,2151.888
2127:UT:SCAN,Holden,UT,SCAN,4750.0,39.19216,-112.40155,Millard,2007-05-10 00:00,2100-01-01 00:00,1447.8000000000002
2155:UT:SCAN,Little Red Fox,UT,SCAN,5390.0,40.17957,-110.30464,Duchesne,2010-01-20 00:00,2100-01-01 00:00,1642.872
2156:UT:SCAN,Manderfield,UT,SCAN,6190.0,38.36649,-112.64291,Beaver,2010-04-16 00:00,2100-01-01 00:00,1886.712
2140:UT:SCAN,Mccracken Mesa,UT,SCAN,5310.0,37.44671,-109.33776,San Juan,2007-09-19 00:00,2100-01-01 00:00,1618.488
2129:UT:SCAN,Milford,UT,SCAN,5000.0,38.34196,-113.01053,Beaver,2007-05-12 00:00,2100-01-01 00:00,1524.0
2133:UT:SCAN,Morgan,UT,SCAN,5120.0,40.9999,-111.68555,Morgan,2007-05-17 00:00,2100-01-01 00:00,1560.576
2134:UT:SCAN,Mountain Home,UT,SCAN,6930.0,40.37263,-110.40602,Duchesne,2007-09-11 00:00,2100-01-01 00:00,2112.264
2137:UT:SCAN,Nephi,UT,SCAN,5250.0,39.64554,-111.87044,Juab,2007-09-14 00:00,2100-01-01 00:00,1600.2
2157:UT:SCAN,Panguitch,UT,SCAN,6530.0,37.86975,-112.43437,Garfield,2010-01-25 00:00,2100-01-01 00:00,1990.344
2153:UT:SCAN,Park Valley,UT,SCAN,5100.0,41.77318,-113.28596,Box Elder,2010-01-14 00:00,2100-01-01 00:00,1554.48
2132:UT:SCAN,Price,UT,SCAN,5640.0,39.53288,-110.80604,Carbon,2007-05-16 00:00,2100-01-01 00:00,1719.0720000000001
2159:UT:SCAN,Sand Hollow,UT,SCAN,3090.0,37.10516,-113.35615,Washington,2010-01-28 00:00,2100-01-01 00:00,941.832
907:UT:SNTL,Agua Canyon,UT,SNTL,8890.0,37.52217,-112.27118,Kane,1994-10-01 00:00,2100-01-01 00:00,2709.672
1308:UT:SNTL,Atwater,UT,SNTL,8750.0,40.59124,-111.63775,Salt Lake,2022-08-25 00:00,2100-01-01 00:00,2667.0
992:UT:SNTL,Bear River RS,UT,SNTL,8510.0,40.8852,-110.8277,Summit,2010-10-01 00:00,2100-01-01 00:00,2593.848
329:UT:SNTL,Beaver Dams,UT,SNTL,7980.0,39.13683,-111.55813,Sanpete,1980-06-18 00:00,2100-01-01 00:00,2432.304
330:UT:SNTL,Beaver Divide,UT,SNTL,8230.0,40.61233,-111.09782,Summit,1978-10-01 00:00,2100-01-01 00:00,2508.504
332:UT:SNTL,Ben Lomond Peak,UT,SNTL,7690.0,41.37603,-111.94405,Weber,1978-10-01 00:00,2100-01-01 00:00,2343.9120000000003
333:UT:SNTL,Ben Lomond Trail,UT,SNTL,5970.0,41.38291,-111.92103,Weber,1980-06-03 00:00,2100-01-01 00:00,1819.6560000000002
1214:UT:SNTL,Bevans Cabin,UT,SNTL,6470.0,40.46182,-112.25233,Tooele,2012-10-01 00:00,2100-01-01 00:00,1972.056
339:UT:SNTL,Big Flat,UT,SNTL,10320.0,38.30183,-112.35672,Beaver,1978-10-01 00:00,2100-01-01 00:00,3145.536
348:UT:SNTL,Black Flat-U.M. Ck,UT,SNTL,9420.0,38.6799,-111.59765,Sevier,1980-06-19 00:00,2100-01-01 00:00,2871.2160000000003
1162:UT:SNTL,Blacks Fork Jct,UT,SNTL,8880.0,40.95814,-110.5828,Summit,2010-09-30 00:00,2100-01-01 00:00,2706.6240000000003
1278:UT:SNTL,Bobs Hollow,UT,SNTL,9320.0,38.94569,-112.15349,Millard,2016-10-06 00:00,2100-01-01 00:00,2840.7360000000003
364:UT:SNTL,Box Creek,UT,SNTL,9850.0,38.50809,-112.01856,Sevier,1979-08-04 00:00,2100-01-01 00:00,3002.28
1156:UT:SNTL,Box Springs,UT,SNTL,9230.0,38.49746,-112.00779,Piute,2010-10-01 00:00,2100-01-01 00:00,2813.304
1154:UT:SNTL,Brian Head,UT,SNTL,10040.0,37.67994,-112.85674,Iron,2011-10-01 00:00,2100-01-01 00:00,3060.192
366:UT:SNTL,Brighton,UT,SNTL,8790.0,40.59936,-111.58167,Salt Lake,1986-09-24 00:00,2100-01-01 00:00,2679.192
368:UT:SNTL,Brown Duck,UT,SNTL,10570.0,40.58102,-110.58587,Duchesne,1978-10-01 00:00,2100-01-01 00:00,3221.7360000000003
371:UT:SNTL,Buck Flat,UT,SNTL,9410.0,39.134,-111.43722,Sanpete,1978-10-01 00:00,2100-01-01 00:00,2868.168
1192:UT:SNTL,Buck Pasture,UT,SNTL,9630.0,40.84456,-110.66068,Summit,2011-11-23 00:00,2100-01-01 00:00,2935.224
1153:UT:SNTL,Buckboard Flat,UT,SNTL,8920.0,37.86943,-109.44717,San Juan,2012-10-01 00:00,2100-01-01 00:00,2718.8160000000003
374:UT:SNTL,Bug Lake,UT,SNTL,7980.0,41.68541,-111.41987,Rich,1978-10-01 00:00,2100-01-01 00:00,2432.304
1135:UT:SNTL,Burts Miller Ranch,UT,SNTL,7900.0,40.98492,-110.85075,Summit,2009-10-01 00:00,2100-01-01 00:00,2407.92
383:UT:SNTL,Camp Jackson,UT,SNTL,8840.0,37.81333,-109.48723,San Juan,1985-10-01 00:00,2100-01-01 00:00,2694.4320000000002
1039:UT:SNTL,Cascade Mountain,UT,SNTL,7750.0,40.283,-111.60992,Utah,2002-10-17 00:00,2100-01-01 00:00,2362.2000000000003
390:UT:SNTL,Castle Valley,UT,SNTL,9600.0,37.66098,-112.74093,Iron,1980-06-21 00:00,2100-01-01 00:00,2926.08
392:UT:SNTL,Chalk Creek #1,UT,SNTL,9160.0,40.85464,-111.04765,Summit,1978-10-01 00:00,2100-01-01 00:00,2791.9680000000003
393:UT:SNTL,Chalk Creek #2,UT,SNTL,8200.0,40.88529,-111.06954,Summit,1978-10-01 00:00,2100-01-01 00:00,2499.36
396:UT:SNTL,Chepeta,UT,SNTL,10490.0,40.77458,-110.0105,Duchesne,1980-07-16 00:00,2100-01-01 00:00,3197.3520000000003
983:UT:SNTL,Clayton Springs,UT,SNTL,10010.0,37.9725,-111.83355,Garfield,2000-10-01 00:00,2100-01-01 00:00,3051.0480000000002
399:UT:SNTL,Clear Creek #1,UT,SNTL,8960.0,39.86671,-111.28363,Utah,1978-01-01 00:00,2100-01-01 00:00,2731.0080000000003
400:UT:SNTL,Clear Creek #2,UT,SNTL,7850.0,39.89275,-111.25154,Utah,1978-10-01 00:00,2100-01-01 00:00,2392.6800000000003
1236:UT:SNTL,Corral,UT,SNTL,8210.0,39.65795,-110.37906,Carbon,2013-10-01 00:00,2100-01-01 00:00,2502.408
432:UT:SNTL,Currant Creek,UT,SNTL,7920.0,40.35747,-111.08993,Wasatch,1978-10-01 00:00,2100-01-01 00:00,2414.016
435:UT:SNTL,Daniels-Strawberry,UT,SNTL,8010.0,40.2953,-111.25677,Wasatch,1978-10-01 00:00,2100-01-01 00:00,2441.4480000000003
444:UT:SNTL,Dills Camp,UT,SNTL,9240.0,39.04554,-111.46875,Sanpete,1978-10-01 00:00,2100-01-01 00:00,2816.3520000000003
452:UT:SNTL,Donkey Reservoir,UT,SNTL,9800.0,38.2084,-111.47412,Wayne,1985-10-01 00:00,2100-01-01 00:00,2987.04
455:UT:SNTL,Dry Bread Pond,UT,SNTL,8290.0,41.41289,-111.5377,Cache,1978-10-01 00:00,2100-01-01 00:00,2526.792
906:UT:SNTL,Dry Fork,UT,SNTL,7180.0,40.56533,-112.17343,Salt Lake,1994-10-01 00:00,2100-01-01 00:00,2188.464
461:UT:SNTL,East Willow Creek,UT,SNTL,8300.0,39.31213,-109.53179,Grand,1986-08-06 00:00,2100-01-01 00:00,2529.84
1163:UT:SNTL,EF Blacks Fork GS,UT,SNTL,9360.0,40.88472,-110.54056,Summit,2010-10-22 00:00,2100-01-01 00:00,2852.9280000000003
1323:UT:SNTL,Elk Ridge,UT,SNTL,8540.0,37.82308,-109.77156,San Juan,2024-10-01 00:00,2100-01-01 00:00,2602.992
474:UT:SNTL,Farmington,UT,SNTL,7920.0,40.97462,-111.80975,Davis,1978-10-01 00:00,2100-01-01 00:00,2414.016
1054:UT:SNTL,Farmington Lower,UT,SNTL,6850.0,40.992,-111.81702,Davis,2003-11-20 00:00,2100-01-01 00:00,2087.88
475:UT:SNTL,Farnsworth Lake,UT,SNTL,9620.0,38.77246,-111.67662,Sevier,1980-07-24 00:00,2100-01-01 00:00,2932.176
1149:UT:SNTL,Fish Lake Utah,UT,SNTL,8780.0,38.50455,-111.76693,Sevier,2010-10-01 00:00,2100-01-01 00:00,2676.1440000000002
481:UT:SNTL,Five Points Lake,UT,SNTL,10920.0,40.71785,-110.46721,Duchesne,1980-08-14 00:00,2100-01-01 00:00,3328.416
1114:UT:SNTL,Garden City Summit,UT,SNTL,7680.0,41.9215,-111.4693,Cache,2009-10-01 00:00,2100-01-01 00:00,2340.864
1066:UT:SNTL,Gardner Peak,UT,SNTL,8320.0,37.40083,-113.45988,Washington,2004-10-01 00:00,2100-01-01 00:00,2535.936
1221:UT:SNTL,GBRC HQ,UT,SNTL,8800.0,39.32019,-111.48827,Sanpete,2012-10-01 00:00,2100-01-01 00:00,2682.2400000000002
1222:UT:SNTL,GBRC Meadows,UT,SNTL,9850.0,39.30229,-111.45383,Sanpete,2012-10-01 00:00,2100-01-01 00:00,3002.28
1151:UT:SNTL,George Creek,UT,SNTL,8960.0,41.91562,-113.41154,Box Elder,2010-10-01 00:00,2100-01-01 00:00,2731.0080000000003
1304:UT:SNTL,Gold Basin,UT,SNTL,10070.0,38.46516,-109.26332,San Juan,2021-09-01 00:00,2100-01-01 00:00,3069.3360000000002
495:UT:SNTL,Gooseberry RS,UT,SNTL,7930.0,38.80034,-111.68333,Sevier,1979-06-27 00:00,2100-01-01 00:00,2417.0640000000003
1184:UT:SNTL,Gooseberry RS Up,UT,SNTL,8400.0,38.7882,-111.68892,Sevier,2011-10-01 00:00,2100-01-01 00:00,2560.32
1065:UT:SNTL,Gutz Peak,UT,SNTL,6790.0,37.49617,-113.94235,Washington,2004-10-01 00:00,2100-01-01 00:00,2069.592
896:UT:SNTL,Hardscrabble,UT,SNTL,7270.0,40.86833,-111.71865,Morgan,1993-10-01 00:00,2100-01-01 00:00,2215.896
514:UT:SNTL,Harris Flat,UT,SNTL,7800.0,37.48997,-112.57602,Kane,1979-08-04 00:00,2100-01-01 00:00,2377.44
517:UT:SNTL,Hayden Fork,UT,SNTL,9170.0,40.79669,-110.88472,Summit,1978-10-01 00:00,2100-01-01 00:00,2795.016
521:UT:SNTL,Hewinta,UT,SNTL,9510.0,40.95009,-110.48419,Summit,1985-09-19 00:00,2100-01-01 00:00,2898.648
522:UT:SNTL,Hickerson Park,UT,SNTL,9120.0,40.90663,-109.96287,Daggett,1985-09-17 00:00,2100-01-01 00:00,2779.7760000000003
1223:UT:SNTL,Hobble Creek,UT,SNTL,7360.0,40.18538,-111.35971,Utah,2012-10-01 00:00,2100-01-01 00:00,2243.328
528:UT:SNTL,Hole-in-Rock,UT,SNTL,9170.0,40.92167,-110.18623,Summit,1985-09-18 00:00,2100-01-01 00:00,2795.016
533:UT:SNTL,Horse Ridge,UT,SNTL,8210.0,41.31372,-111.44624,Morgan,1978-10-01 00:00,2100-01-01 00:00,2502.408
1216:UT:SNTL,Huntington Horse,UT,SNTL,9650.0,39.61774,-111.30576,Sanpete,2012-10-01 00:00,2100-01-01 00:00,2941.32
1099:UT:SNTL,Jones Corral,UT,SNTL,9710.0,38.07125,-112.16788,Garfield,2007-10-01 00:00,2100-01-01 00:00,2959.608
1145:UT:SNTL,Kilfoil Creek,UT,SNTL,7230.0,41.24764,-111.41249,Morgan,2010-10-01 00:00,2100-01-01 00:00,2203.704
557:UT:SNTL,Kimberly Mine,UT,SNTL,9110.0,38.48383,-112.39273,Piute,1980-07-23 00:00,2100-01-01 00:00,2776.728
559:UT:SNTL,Kings Cabin,UT,SNTL,8740.0,40.71632,-109.54401,Uintah,1978-10-01 00:00,2100-01-01 00:00,2663.952
1115:UT:SNTL,Klondike Narrows,UT,SNTL,7280.0,41.96769,-111.59713,Cache,2009-10-01 00:00,2100-01-01 00:00,2218.944
561:UT:SNTL,Kolob,UT,SNTL,9250.0,37.52664,-113.05386,Iron,1978-10-01 00:00,2100-01-01 00:00,2819.4
566:UT:SNTL,Lakefork #1,UT,SNTL,10120.0,40.59709,-110.43316,Duchesne,1978-10-01 00:00,2100-01-01 00:00,3084.576
1116:UT:SNTL,Lakefork #3,UT,SNTL,8430.0,40.5502,-110.3529,Duchesne,2009-10-01 00:00,2100-01-01 00:00,2569.464
513:UT:SNTL,Lakefork Basin,UT,SNTL,10890.0,40.73785,-110.62121,Duchesne,1982-10-01 00:00,2100-01-01 00:00,3319.2720000000004
572:UT:SNTL,Lasal Mountain,UT,SNTL,9580.0,38.48226,-109.27198,San Juan,1980-08-08 00:00,2100-01-01 00:00,2919.984
1215:UT:SNTL,Lasal Mountain-Lower,UT,SNTL,8780.0,38.48167,-109.29164,San Juan,2012-10-01 00:00,2100-01-01 00:00,2676.1440000000002
1056:UT:SNTL,Lightning Ridge,UT,SNTL,8200.0,41.35891,-111.48749,Weber,2004-10-01 00:00,2100-01-01 00:00,2499.36
579:UT:SNTL,Lily Lake,UT,SNTL,9130.0,40.86493,-110.79813,Summit,1980-06-12 00:00,2100-01-01 00:00,2782.824
582:UT:SNTL,Little Bear,UT,SNTL,6540.0,41.40562,-111.82607,Cache,1978-10-01 00:00,2100-01-01 00:00,1993.392
583:UT:SNTL,Little Grassy,UT,SNTL,6070.0,37.48631,-113.84582,Washington,1985-10-01 00:00,2100-01-01 00:00,1850.1360000000002
1261:UT:SNTL,Lonesome Beaver,UT,SNTL,9530.0,38.07,-110.77241,Garfield,2014-10-16 00:00,2100-01-01 00:00,2904.744
592:UT:SNTL,Long Flat,UT,SNTL,7990.0,37.51255,-113.39661,Washington,1979-09-09 00:00,2100-01-01 00:00,2435.3520000000003
593:UT:SNTL,Long Valley Jct,UT,SNTL,7460.0,37.48756,-112.51458,Kane,1986-06-11 00:00,2100-01-01 00:00,2273.808
596:UT:SNTL,Lookout Peak,UT,SNTL,8150.0,40.83731,-111.70965,Salt Lake,1988-06-23 00:00,2100-01-01 00:00,2484.1200000000003
1118:UT:SNTL,Lost Creek Resv,UT,SNTL,6070.0,41.22155,-111.35947,Morgan,2010-10-01 00:00,2100-01-01 00:00,1850.1360000000002
972:UT:SNTL,Louis Meadow,UT,SNTL,6740.0,40.83033,-111.76457,Salt Lake,1999-10-01 00:00,2100-01-01 00:00,2054.3520000000003
612:UT:SNTL,Mammoth-Cottonwood,UT,SNTL,8710.0,39.68338,-111.31818,Sanpete,1978-10-01 00:00,2100-01-01 00:00,2654.808
621:UT:SNTL,Merchant Valley,UT,SNTL,8710.0,38.30285,-112.43637,Beaver,1980-07-23 00:00,2100-01-01 00:00,2654.808
626:UT:SNTL,Midway Valley,UT,SNTL,9830.0,37.56933,-112.83849,Iron,1980-07-22 00:00,2100-01-01 00:00,2996.184
1321:UT:SNTL,Mill Creek Canyon,UT,SNTL,6960.0,40.69656,-111.67712,Salt Lake,2024-06-18 00:00,2100-01-01 00:00,2121.408
628:UT:SNTL,Mill-D North,UT,SNTL,8940.0,40.65883,-111.63683,Salt Lake,1988-10-01 00:00,2100-01-01 00:00,2724.9120000000003
631:UT:SNTL,Mining Fork,UT,SNTL,8290.0,40.49384,-112.61141,Tooele,1988-09-22 00:00,2100-01-01 00:00,2526.792
634:UT:SNTL,Monte Cristo,UT,SNTL,8930.0,41.46547,-111.49688,Cache,1978-10-01 00:00,2100-01-01 00:00,2721.864
643:UT:SNTL,Mosby Mtn.,UT,SNTL,9550.0,40.60798,-109.8881,Uintah,1978-10-01 00:00,2100-01-01 00:00,2910.84
1224:UT:SNTL,Mt Baldy,UT,SNTL,9520.0,39.13648,-111.50527,Sanpete,2012-10-01 00:00,2100-01-01 00:00,2901.6960000000004
1269:UT:SNTL,Mt Pennell,UT,SNTL,9210.0,37.97793,-110.7933,Garfield,2015-10-01 00:00,2100-01-01 00:00,2807.208
1146:UT:SNTL,Oak Creek,UT,SNTL,7840.0,39.3485,-112.192,Millard,2010-10-01 00:00,2100-01-01 00:00,2389.632
1148:UT:SNTL,Panguitch Lake RS,UT,SNTL,8300.0,37.70463,-112.65037,Garfield,2014-10-01 00:00,2100-01-01 00:00,2529.84
684:UT:SNTL,Parleys Summit,UT,SNTL,7590.0,40.76184,-111.62917,Summit,1978-10-01 00:00,2100-01-01 00:00,2313.4320000000002
856:UT:SNTL,Parleys Upper,UT,SNTL,8330.0,40.70194,-111.60619,Salt Lake,2019-08-21 00:00,2100-01-01 00:00,2538.984
971:UT:SNTL,Parrish Creek,UT,SNTL,7760.0,40.93417,-111.81372,Davis,1999-10-01 00:00,2100-01-01 00:00,2365.248
686:UT:SNTL,Payson R.S.,UT,SNTL,8050.0,39.92976,-111.63109,Utah,1980-06-17 00:00,2100-01-01 00:00,2453.6400000000003
691:UT:SNTL,Pickle Keg,UT,SNTL,9010.0,39.01219,-111.58259,Sevier,1978-10-01 00:00,2100-01-01 00:00,2746.248
694:UT:SNTL,Pine Creek,UT,SNTL,8730.0,38.88185,-112.24915,Millard,1985-02-13 00:00,2100-01-01 00:00,2660.904
1300:UT:SNTL,Powder Mountain,UT,SNTL,8490.0,41.37428,-111.76673,Cache,2021-07-08 00:00,2100-01-01 00:00,2587.752
714:UT:SNTL,Red Pine Ridge,UT,SNTL,8990.0,39.45197,-111.27221,Emery,1978-10-01 00:00,2100-01-01 00:00,2740.152
1225:UT:SNTL,Redden Mine Lwr,UT,SNTL,8540.0,40.67505,-111.21765,Summit,2012-10-01 00:00,2100-01-01 00:00,2602.992
1217:UT:SNTL,Rees Flat,UT,SNTL,7190.0,39.49667,-111.72508,Juab,2012-10-01 00:00,2100-01-01 00:00,2191.512
720:UT:SNTL,Rock Creek,UT,SNTL,7880.0,40.54875,-110.69292,Duchesne,1980-06-12 00:00,2100-01-01 00:00,2401.824
1309:UT:SNTL,Rockwood GS,UT,SNTL,8600.0,38.67101,-112.3305,Sevier,2022-09-08 00:00,2100-01-01 00:00,2621.28
723:UT:SNTL,Rocky Basin-Settleme,UT,SNTL,8700.0,40.44293,-112.22377,Tooele,1980-06-10 00:00,2100-01-01 00:00,2651.76
1280:UT:SNTL,Santaquin Meadows,UT,SNTL,7830.0,39.92076,-111.71802,Utah,2016-10-27 00:00,2100-01-01 00:00,2386.5840000000003
742:UT:SNTL,Seeley Creek,UT,SNTL,9900.0,39.31042,-111.43297,Sanpete,1978-10-18 00:00,2100-01-01 00:00,3017.52
1193:UT:SNTLT,Henrys Fork,UT,SNTLT,10180.0,40.86313,-110.38145,Summit,2012-09-11 00:00,2100-01-01 00:00,3102.864
2198:WA:SCAN,Cook Farm Field D,WA,SCAN,2580.0,46.78373,-117.08008,Whitman,2013-07-24 00:00,2100-01-01 00:00,786.384
2021:WA:SCAN,Lind #1,WA,SCAN,1650.0,47.0,-118.56667,Adams,1993-09-27 00:00,2100-01-01 00:00,502.92
908:WA:SNTL,Alpine Meadows,WA,SNTL,3500.0,47.77957,-121.69847,King,1994-09-01 00:00,2100-01-01 00:00,1066.8
990:WA:SNTL,Beaver Pass,WA,SNTL,3630.0,48.8793,-121.2555,Whatcom,2000-10-01 00:00,2100-01-01 00:00,1106.424
352:WA:SNTL,Blewett Pass,WA,SNTL,4240.0,47.35037,-120.6796,Chelan,1979-10-01 00:00,2100-01-01 00:00,1292.352
1080:WA:SNTL,Brown Top,WA,SNTL,5850.0,48.92753,-121.19717,Whatcom,2009-09-15 00:00,2100-01-01 00:00,1783.0800000000002
1107:WA:SNTL,Buckinghorse,WA,SNTL,4850.0,47.7086,-123.45747,Jefferson,2008-06-19 00:00,2100-01-01 00:00,1478.28
375:WA:SNTL,Bumping Ridge,WA,SNTL,4600.0,46.81003,-121.33058,Yakima,1978-10-01 00:00,2100-01-01 00:00,1402.0800000000002
376:WA:SNTL,Bunchgrass Mdw,WA,SNTL,5020.0,48.68688,-117.17633,Pend Oreille,1979-10-01 00:00,2100-01-01 00:00,1530.096
942:WA:SNTL,Burnt Mountain,WA,SNTL,4160.0,47.0444,-121.94032,Pierce,1999-07-01 00:00,2100-01-01 00:00,1267.968
1109:WA:SNTL,Calamity,WA,SNTL,2510.0,45.90362,-122.21633,Skamania,2008-08-21 00:00,2100-01-01 00:00,765.048
1085:WA:SNTL,Cayuse Pass,WA,SNTL,5260.0,46.86956,-121.53434,Pierce,2006-10-01 00:00,2100-01-01 00:00,1603.248
418:WA:SNTL,Corral Pass,WA,SNTL,5810.0,47.01872,-121.46464,Pierce,1979-10-01 00:00,2100-01-01 00:00,1770.8880000000001
420:WA:SNTL,Cougar Mountain,WA,SNTL,3210.0,47.27666,-121.67138,King,1979-10-01 00:00,2100-01-01 00:00,978.408
1319:WA:SNTL,Decline Creek,WA,SNTL,4480.0,48.23594,-121.455,Snohomish,2018-11-21 00:00,2100-01-01 00:00,1365.5040000000001
1345:WA:SNTL,Deer Pass,WA,SNTL,3360.0,48.3325,-121.72133,Skagit,2020-12-29 00:00,2100-01-01 00:00,1024.1280000000002
943:WA:SNTL,Dungeness,WA,SNTL,3990.0,47.8722,-123.07879,Clallam,1998-10-01 00:00,2100-01-01 00:00,1216.152
998:WA:SNTL,Easy Pass,WA,SNTL,5280.0,48.85933,-121.43895,Whatcom,2008-09-19 00:00,2100-01-01 00:00,1609.344
910:WA:SNTL,Elbow Lake,WA,SNTL,3050.0,48.69092,-121.90893,Whatcom,1995-08-24 00:00,2100-01-01 00:00,929.6400000000001
478:WA:SNTL,Fish Lake,WA,SNTL,3440.0,47.53565,-121.08553,Kittitas,1979-10-01 00:00,2100-01-01 00:00,1048.512
1159:WA:SNTL,Gold Axe Camp,WA,SNTL,5380.0,48.9516,-118.9864,Okanogan,2010-10-01 00:00,2100-01-01 00:00,1639.824
1256:WA:SNTL,Gold Mountain,WA,SNTL,4500.0,48.19253,-118.45715,Ferry,2010-10-08 00:00,2100-01-01 00:00,1371.6000000000001
502:WA:SNTL,Green Lake,WA,SNTL,5920.0,46.54741,-121.17093,Yakima,1981-10-01 00:00,2100-01-01 00:00,1804.4160000000002
507:WA:SNTL,Grouse Camp,WA,SNTL,5390.0,47.28107,-120.48771,Kittitas,1979-10-01 00:00,2100-01-01 00:00,1642.872
515:WA:SNTL,Harts Pass,WA,SNTL,6490.0,48.72047,-120.6586,Okanogan,1979-10-01 00:00,2100-01-01 00:00,1978.152
991:WA:SNTL,Hozomeen Camp,WA,SNTL,1680.0,48.98075,-121.07976,Whatcom,2000-10-01 00:00,2100-01-01 00:00,512.0640000000001
928:WA:SNTL,Huckleberry Creek,WA,SNTL,2250.0,47.06565,-121.58778,Pierce,1997-10-01 00:00,2100-01-01 00:00,685.8000000000001
1129:WA:SNTL,Indian Rock,WA,SNTL,5320.0,45.99077,-120.80768,Klickitat,2008-10-01 00:00,2100-01-01 00:00,1621.536
553:WA:SNTL,June Lake,WA,SNTL,3440.0,46.14778,-122.15413,Skamania,1980-10-01 00:00,2100-01-01 00:00,1048.512
591:WA:SNTL,Lone Pine,WA,SNTL,3940.0,46.27143,-121.96288,Skamania,1978-10-01 00:00,2100-01-01 00:00,1200.912
599:WA:SNTL,Lost Horse,WA,SNTL,5100.0,46.35754,-121.0809,Yakima,1989-10-01 00:00,2100-01-01 00:00,1554.48
606:WA:SNTL,Lyman Lake,WA,SNTL,5990.0,48.19798,-120.91678,Chelan,1978-10-01 00:00,2100-01-01 00:00,1825.7520000000002
1069:WA:SNTL,Lynn Lake,WA,SNTL,3900.0,47.20172,-121.77972,King,2007-08-30 00:00,2100-01-01 00:00,1188.72
999:WA:SNTL,Marten Ridge,WA,SNTL,3520.0,48.76292,-121.69823,Whatcom,2006-07-01 00:00,2100-01-01 00:00,1072.896
897:WA:SNTL,Meadows Pass,WA,SNTL,3230.0,47.28312,-121.47197,King,1993-10-01 00:00,2100-01-01 00:00,984.504
1011:WA:SNTL,MF Nooksack,WA,SNTL,4940.0,48.82441,-121.92947,Whatcom,2002-10-01 00:00,2100-01-01 00:00,1505.712
642:WA:SNTL,Morse Lake,WA,SNTL,5400.0,46.90585,-121.4827,Yakima,1978-10-01 00:00,2100-01-01 00:00,1645.92
644:WA:SNTL,Moses Mtn,WA,SNTL,5470.0,48.36166,-119.08158,Okanogan,1991-10-01 00:00,2100-01-01 00:00,1667.256
648:WA:SNTL,Mount Crag,WA,SNTL,3960.0,47.7637,-123.026,Jefferson,1989-10-01 00:00,2100-01-01 00:00,1207.008
898:WA:SNTL,Mount Gardner,WA,SNTL,2930.0,47.35768,-121.56812,King,1993-10-01 00:00,2100-01-01 00:00,893.0640000000001
941:WA:SNTL,Mowich,WA,SNTL,3170.0,46.92833,-121.95232,Pierce,1998-09-30 00:00,2100-01-01 00:00,966.216
1126:WA:SNTL,Mt. Tebo,WA,SNTL,3380.0,47.46061,-123.41219,Mason,2020-07-08 00:00,2100-01-01 00:00,1030.2240000000002
1259:WA:SNTL,Muckamuck,WA,SNTL,4470.0,48.58526,-119.86624,Okanogan,2014-06-10 00:00,2100-01-01 00:00,1362.4560000000001
672:WA:SNTL,Olallie Meadows,WA,SNTL,4010.0,47.37406,-121.44213,King,1979-10-01 00:00,2100-01-01 00:00,1222.248
679:WA:SNTL,Paradise,WA,SNTL,5150.0,46.78266,-121.74767,Pierce,1979-10-01 00:00,2100-01-01 00:00,1569.72
681:WA:SNTL,Park Creek Ridge,WA,SNTL,4610.0,48.44488,-120.91551,Chelan,1978-10-01 00:00,2100-01-01 00:00,1405.1280000000002
1104:WA:SNTL,Pepper Creek,WA,SNTL,2140.0,46.10242,-121.95555,Skamania,2007-08-15 00:00,2100-01-01 00:00,652.272
692:WA:SNTL,Pigtail Peak,WA,SNTL,5800.0,46.62153,-121.38643,Yakima,1979-10-01 00:00,2100-01-01 00:00,1767.8400000000001
1263:WA:SNTL,Pinto Rock,WA,SNTL,4450.0,46.32318,-121.94219,Skamania,2014-10-01 00:00,2100-01-01 00:00,1356.3600000000001
699:WA:SNTL,Pope Ridge,WA,SNTL,3590.0,47.9909,-120.56622,Chelan,1979-10-01 00:00,2100-01-01 00:00,1094.232
702:WA:SNTL,Potato Hill,WA,SNTL,4480.0,46.3497,-121.51415,Yakima,1980-10-01 00:00,2100-01-01 00:00,1365.5040000000001
707:WA:SNTL,Quartz Peak,WA,SNTL,4710.0,47.87927,-117.08938,Spokane,1985-10-01 00:00,2100-01-01 00:00,1435.6080000000002
711:WA:SNTL,Rainy Pass,WA,SNTL,4880.0,48.51865,-120.7358,Chelan,1979-10-01 00:00,2100-01-01 00:00,1487.424
911:WA:SNTL,Rex River,WA,SNTL,3810.0,47.30218,-121.60475,King,1995-08-28 00:00,2100-01-01 00:00,1161.288
728:WA:SNTL,Salmon Meadows,WA,SNTL,4460.0,48.65518,-119.8383,Okanogan,1979-10-01 00:00,2100-01-01 00:00,1359.4080000000001
734:WA:SNTL,Sasse Ridge,WA,SNTL,4340.0,47.38485,-121.06323,Kittitas,1983-10-01 00:00,2100-01-01 00:00,1322.832
1231:WA:SNTL,Satus Pass,WA,SNTL,3960.0,45.98797,-120.67734,Klickitat,2012-08-23 00:00,2100-01-01 00:00,1207.008
1068:WA:SNTL,Sawmill Ridge,WA,SNTL,4640.0,47.15992,-121.42172,King,2006-07-27 00:00,2100-01-01 00:00,1414.2720000000002
1043:WA:SNTL,Sentinel Butte,WA,SNTL,4680.0,48.86133,-118.39843,Ferry,2003-08-27 00:00,2100-01-01 00:00,1426.4640000000002
748:WA:SNTL,Sheep Canyon,WA,SNTL,3990.0,46.19325,-122.25393,Cowlitz,1980-10-01 00:00,2100-01-01 00:00,1216.152
1257:WA:SNTL,Skate Creek,WA,SNTL,3770.0,46.64336,-121.83044,Lewis,2014-10-15 00:00,2100-01-01 00:00,1149.096
912:WA:SNTL,Skookum Creek,WA,SNTL,3320.0,47.68433,-121.61007,King,1995-08-28 00:00,2100-01-01 00:00,1011.936
1341:WA:SNTLT,Buck Mountain,WA,SNTLT,5290.0,48.42909,-119.85225,Okanogan,2025-09-19 06:00,2100-01-01 00:00,1612.392
0865:WY:COOP,Bondurant,WY,COOP,6710.0,43.2095,-110.40323,Sublette,1948-01-01 00:00,2100-01-01 00:00,2045.208
0951:WY:COOP,Boulder Rearing Stn,WY,COOP,6940.0,42.71554,-109.68956,Sublette,1989-09-01 00:00,2100-01-01 00:00,2115.312
2242:WY:COOP,Daniel Fish Hatchery,WY,COOP,7340.0,42.92815,-110.12729,Sublette,1989-07-01 00:00,2100-01-01 00:00,2237.232
3170:WY:COOP,Farson 2NNE,WY,COOP,6620.0,42.13976,-109.43088,Sweetwater,1915-01-01 00:00,2100-01-01 00:00,2017.776
3396:WY:COOP,Fontenelle Dam,WY,COOP,6490.0,41.98604,-110.06113,Lincoln,1960-10-01 00:00,2100-01-01 00:00,1978.152
4065:WY:COOP,Green River,WY,COOP,6140.0,41.51671,-109.47017,Sweetwater,1897-04-01 00:00,2100-01-01 00:00,1871.4720000000002
7260:WY:COOP,Pinedale,WY,COOP,7200.0,42.87489,-109.86233,Sublette,1948-01-01 00:00,2100-01-01 00:00,2194.56
309:WY:SNTL,Bald Mtn.,WY,SNTL,9360.0,44.80061,-107.84428,Big Horn,1975-10-01 00:00,2100-01-01 00:00,2852.9280000000003
314:WY:SNTL,Base Camp,WY,SNTL,7040.0,43.94019,-110.44544,Teton,1979-10-01 00:00,2100-01-01 00:00,2145.792
317:WY:SNTL,Battle Mountain,WY,SNTL,7460.0,41.05402,-107.26674,Carbon,1985-10-01 00:00,2100-01-01 00:00,2273.808
325:WY:SNTL,Bear Trap Meadow,WY,SNTL,8200.0,43.88743,-107.06135,Johnson,1979-10-01 00:00,2100-01-01 00:00,2499.36
326:WY:SNTL,Beartooth Lake,WY,SNTL,9360.0,44.94307,-109.56743,Park,1979-10-01 00:00,2100-01-01 00:00,2852.9280000000003
931:WY:SNTL,Big Goose,WY,SNTL,8010.0,44.57922,-107.20068,Sheridan,1998-07-22 00:00,2100-01-01 00:00,2441.4480000000003
342:WY:SNTL,Big Sandy Opening,WY,SNTL,9100.0,42.6458,-109.25965,Sublette,1963-03-01 00:00,2100-01-01 00:00,2773.6800000000003
1119:WY:SNTL,Blackhall Mtn,WY,SNTL,9830.0,41.05623,-106.714,Carbon,2009-08-07 00:00,2100-01-01 00:00,2996.184
350:WY:SNTL,Blackwater,WY,SNTL,9830.0,44.37667,-109.79333,Park,1979-10-01 00:00,2100-01-01 00:00,2996.184
353:WY:SNTL,Blind Bull Sum,WY,SNTL,8880.0,42.96413,-110.60992,Sublette,1978-10-01 00:00,2100-01-01 00:00,2706.6240000000003
358:WY:SNTL,Bone Springs Div,WY,SNTL,9340.0,44.67881,-107.5811,Sheridan,1978-10-01 00:00,2100-01-01 00:00,2846.8320000000003
367:WY:SNTL,Brooklyn Lake,WY,SNTL,10250.0,41.36038,-106.23038,Albany,1962-10-01 00:00,2100-01-01 00:00,3124.2000000000003
377:WY:SNTL,Burgess Junction,WY,SNTL,7910.0,44.78765,-107.52917,Sheridan,1979-10-01 00:00,2100-01-01 00:00,2410.9680000000003
379:WY:SNTL,Burroughs Creek,WY,SNTL,8760.0,43.69733,-109.67021,Fremont,1978-10-01 00:00,2100-01-01 00:00,2670.0480000000002
384:WY:SNTL,Canyon,WY,SNTL,7870.0,44.71961,-110.51084,Park,1960-10-01 00:00,2100-01-01 00:00,2398.7760000000003
389:WY:SNTL,Casper Mtn.,WY,SNTL,7940.0,42.73362,-106.31789,Natrona,1962-01-01 00:00,2100-01-01 00:00,2420.112
1130:WY:SNTL,Castle Creek,WY,SNTL,8410.0,43.6748,-109.3774,Fremont,2010-08-18 00:00,2100-01-01 00:00,2563.368
1046:WY:SNTL,Cinnabar Park,WY,SNTL,9670.0,41.23843,-106.23101,Albany,1999-06-13 00:00,2100-01-01 00:00,2947.416
402:WY:SNTL,Cloud Peak Reservoir,WY,SNTL,9830.0,44.40328,-107.06074,Johnson,1978-10-01 00:00,2100-01-01 00:00,2996.184
405:WY:SNTL,Cold Springs,WY,SNTL,9640.0,43.27676,-109.44585,Fremont,1980-10-01 00:00,2100-01-01 00:00,2938.272
982:WY:SNTL,Cole Canyon,WY,SNTL,5930.0,44.48632,-104.41057,Crook,2000-06-01 00:00,2100-01-01 00:00,1807.4640000000002
419:WY:SNTL,Cottonwood Creek,WY,SNTL,7710.0,42.6459,-110.81482,Lincoln,1980-10-01 00:00,2100-01-01 00:00,2350.0080000000003
1045:WY:SNTL,Crow Creek,WY,SNTL,8320.0,41.22824,-105.38571,Albany,2003-08-01 00:00,2100-01-01 00:00,2535.936
923:WY:SNTL,Deer Park,WY,SNTL,9690.0,42.59076,-108.90273,Fremont,1997-08-14 00:00,2100-01-01 00:00,2953.512
449:WY:SNTL,Divide Peak,WY,SNTL,8700.0,41.30399,-107.15255,Carbon,1979-10-01 00:00,2100-01-01 00:00,2651.76
451:WY:SNTL,Dome Lake,WY,SNTL,8890.0,44.57462,-107.29537,Sheridan,1978-10-01 00:00,2100-01-01 00:00,2709.672
460:WY:SNTL,East Rim Divide,WY,SNTL,8010.0,43.13097,-110.2023,Sublette,1984-10-01 00:00,2100-01-01 00:00,2441.4480000000003
468:WY:SNTL,Elkhart Park G.S.,WY,SNTL,9410.0,43.00657,-109.75893,Sublette,1963-10-01 00:00,2100-01-01 00:00,2868.168
472:WY:SNTL,Evening Star,WY,SNTL,9030.0,44.65258,-109.78422,Park,1979-10-01 00:00,2100-01-01 00:00,2752.344
1082:WY:SNTL,Grand Targhee,WY,SNTL,9260.0,43.77933,-110.92783,Teton,2006-08-21 00:00,2100-01-01 00:00,2822.4480000000003
497:WY:SNTL,Granite Creek,WY,SNTL,6770.0,43.34298,-110.43495,Teton,1987-10-01 00:00,2100-01-01 00:00,2063.496
499:WY:SNTL,Grassy Lake,WY,SNTL,7330.0,44.12602,-110.83429,Teton,1962-09-01 00:00,2100-01-01 00:00,2234.184
501:WY:SNTL,Grave Springs,WY,SNTL,8560.0,43.46643,-107.23977,Natrona,1991-10-01 00:00,2100-01-01 00:00,2609.088
506:WY:SNTL,Gros Ventre Summit,WY,SNTL,8760.0,43.38939,-110.12943,Teton,1976-04-01 00:00,2100-01-01 00:00,2670.0480000000002
944:WY:SNTL,Gunsight Pass,WY,SNTL,9820.0,43.38332,-109.87815,Sublette,1998-09-01 00:00,2100-01-01 00:00,2993.136
509:WY:SNTL,Hams Fork,WY,SNTL,7860.0,42.146,-110.67833,Lincoln,1984-10-01 00:00,2100-01-01 00:00,2395.728
512:WY:SNTL,Hanson Sawmill,WY,SNTL,8360.0,44.25602,-106.97983,Johnson,1979-10-01 00:00,2100-01-01 00:00,2548.128
525:WY:SNTL,Hobbs Park,WY,SNTL,10080.0,42.86984,-109.09455,Fremont,1978-10-01 00:00,2100-01-01 00:00,3072.384
544:WY:SNTL,Indian Creek,WY,SNTL,9400.0,42.30023,-110.67753,Lincoln,1979-10-01 00:00,2100-01-01 00:00,2865.1200000000003
554:WY:SNTL,Kelley R.S.,WY,SNTL,8240.0,42.26554,-110.80181,Lincoln,1963-10-01 00:00,2100-01-01 00:00,2511.552
555:WY:SNTL,Kendall R.S.,WY,SNTL,7790.0,43.24922,-110.01671,Sublette,1984-10-01 00:00,2100-01-01 00:00,2374.3920000000003
560:WY:SNTL,Kirwin,WY,SNTL,9580.0,43.86067,-109.32163,Park,1979-10-01 00:00,2100-01-01 00:00,2919.984
571:WY:SNTL,Laprele Creek,WY,SNTL,8370.0,42.43566,-105.86051,Converse,1978-10-01 00:00,2100-01-01 00:00,2551.176
1134:WY:SNTL,Larsen Creek,WY,SNTL,8880.0,42.58019,-109.08829,Sublette,2010-08-04 00:00,2100-01-01 00:00,2706.6240000000003
577:WY:SNTL,Lewis Lake Divide,WY,SNTL,7880.0,44.20862,-110.66628,Teton,1963-09-01 00:00,2100-01-01 00:00,2401.824
1131:WY:SNTL,Little Goose,WY,SNTL,8560.0,44.54315,-107.17865,Johnson,2010-08-04 00:00,2100-01-01 00:00,2609.088
1047:WY:SNTL,Little Snake River,WY,SNTL,8930.0,41.07051,-106.94284,Carbon,2004-07-27 00:00,2100-01-01 00:00,2721.864
585:WY:SNTL,Little Warm,WY,SNTL,9370.0,43.50278,-109.752,Fremont,1978-10-01 00:00,2100-01-01 00:00,2855.976
597:WY:SNTL,Loomis Park,WY,SNTL,8240.0,43.17387,-110.14007,Sublette,1979-10-01 00:00,2100-01-01 00:00,2511.552
616:WY:SNTL,Marquette,WY,SNTL,8800.0,44.3016,-109.24019,Park,1979-10-01 00:00,2100-01-01 00:00,2682.2400000000002
1196:WY:SNTL,Med Bow,WY,SNTL,10500.0,41.37833,-106.34697,Carbon,2012-08-15 00:00,2100-01-01 00:00,3200.4
625:WY:SNTL,Middle Powder,WY,SNTL,7760.0,43.62733,-107.18152,Washakie,1978-10-01 00:00,2100-01-01 00:00,2365.248
661:WY:SNTL,New Fork Lake,WY,SNTL,8380.0,43.11265,-109.94947,Sublette,1984-10-01 00:00,2100-01-01 00:00,2554.224
668:WY:SNTL,North French Creek,WY,SNTL,10150.0,41.33087,-106.37558,Carbon,1962-09-01 00:00,2100-01-01 00:00,3093.7200000000003
673:WY:SNTL,Old Battle,WY,SNTL,9840.0,41.15426,-106.96926,Carbon,1962-09-01 00:00,2100-01-17 00:00,2999.232
676:WY:SNTL,Owl Creek,WY,SNTL,8990.0,43.65868,-109.00988,Hot Springs,1979-10-01 00:00,2100-01-01 00:00,2740.152
683:WY:SNTL,Parker Peak,WY,SNTL,9420.0,44.73396,-109.91484,Park,1979-10-01 00:00,2100-01-01 00:00,2871.2160000000003
689:WY:SNTL,Phillips Bench,WY,SNTL,8170.0,43.51687,-110.91258,Teton,1976-03-01 00:00,2100-01-01 00:00,2490.2160000000003
1133:WY:SNTL,Pocket Creek,WY,SNTL,9370.0,42.7121,-109.4112,Sublette,2009-09-10 11:00,2100-01-01 00:00,2855.976
703:WY:SNTL,Powder River Pass,WY,SNTL,9480.0,44.16188,-107.12622,Johnson,1949-10-01 00:00,2100-01-01 00:00,2889.5040000000004
716:WY:SNTL,Reno Hill,WY,SNTL,8410.0,42.57089,-106.08969,Natrona,1979-10-01 00:00,2100-01-01 00:00,2563.368
1015:WY:SNTL,Sage Creek Basin,WY,SNTL,7830.0,41.40107,-107.2574,Carbon,2001-10-01 00:00,2100-01-01 00:00,2386.5840000000003
730:WY:SNTL,Salt River Summit,WY,SNTL,7630.0,42.5075,-110.9099,Lincoln,1959-10-01 00:00,2100-01-01 00:00,2325.6240000000003
731:WY:SNTL,Sand Lake,WY,SNTL,10080.0,41.4625,-106.281,Carbon,1979-10-01 00:00,2100-01-01 00:00,3072.384
732:WY:SNTL,Sandstone RS,WY,SNTL,8150.0,41.11179,-107.17043,Carbon,1984-10-01 00:00,2100-01-01 00:00,2484.1200000000003
751:WY:SNTL,Shell Creek,WY,SNTL,9570.0,44.50012,-107.42947,Big Horn,1978-10-01 00:00,2100-01-01 00:00,2916.936
